filepath,label,split
data/raw/scratches/scratches_111.jpg,scratches,train
data/raw/scratches/scratches_284.jpg,scratches,train
data/raw/patches/patches_164.jpg,patches,train
data/raw/crazing/crazing_169.jpg,crazing,train
data/raw/scratches/scratches_158.jpg,scratches,train
data/raw/crazing/crazing_105.jpg,crazing,train
data/raw/crazing/crazing_59.jpg,crazing,train
data/raw/crazing/crazing_47.jpg,crazing,train
data/raw/inclusion/inclusion_43.jpg,inclusion,train
data/raw/pitted_surface/pitted_surface_188.jpg,pitted_surface,train
data/raw/scratches/scratches_219.jpg,scratches,train
data/raw/patches/patches_56.jpg,patches,train
data/raw/patches/patches_261.jpg,patches,train
data/raw/pitted_surface/pitted_surface_209.jpg,pitted_surface,train
data/raw/inclusion/inclusion_223.jpg,inclusion,train
data/raw/pitted_surface/pitted_surface_27.jpg,pitted_surface,train
data/raw/rolled-in_scale/rolled-in_scale_127.jpg,rolled-in_scale,train
data/raw/crazing/crazing_28.jpg,crazing,train
data/raw/inclusion/inclusion_278.jpg,inclusion,train
data/raw/patches/patches_131.jpg,patches,train
data/raw/pitted_surface/pitted_surface_213.jpg,pitted_surface,train
data/raw/rolled-in_scale/rolled-in_scale_192.jpg,rolled-in_scale,train
data/raw/crazing/crazing_274.jpg,crazing,train
data/raw/patches/patches_255.jpg,patches,train
data/raw/rolled-in_scale/rolled-in_scale_71.jpg,rolled-in_scale,train
data/raw/patches/patches_83.jpg,patches,train
data/raw/crazing/crazing_49.jpg,crazing,train
data/raw/inclusion/inclusion_54.jpg,inclusion,train
data/raw/crazing/crazing_44.jpg,crazing,train
data/raw/scratches/scratches_223.jpg,scratches,train
data/raw/inclusion/inclusion_85.jpg,inclusion,train
data/raw/crazing/crazing_29.jpg,crazing,train
data/raw/patches/patches_214.jpg,patches,train
data/raw/crazing/crazing_281.jpg,crazing,train
data/raw/inclusion/inclusion_120.jpg,inclusion,train
data/raw/inclusion/inclusion_126.jpg,inclusion,train
data/raw/pitted_surface/pitted_surface_146.jpg,pitted_surface,train
data/raw/patches/patches_60.jpg,patches,train
data/raw/inclusion/inclusion_300.jpg,inclusion,train
data/raw/scratches/scratches_101.jpg,scratches,train
data/raw/scratches/scratches_59.jpg,scratches,train
data/raw/scratches/scratches_19.jpg,scratches,train
data/raw/rolled-in_scale/rolled-in_scale_265.jpg,rolled-in_scale,train
data/raw/rolled-in_scale/rolled-in_scale_173.jpg,rolled-in_scale,train
data/raw/patches/patches_45.jpg,patches,train
data/raw/pitted_surface/pitted_surface_149.jpg,pitted_surface,train
data/raw/rolled-in_scale/rolled-in_scale_156.jpg,rolled-in_scale,train
data/raw/pitted_surface/pitted_surface_260.jpg,pitted_surface,train
data/raw/crazing/crazing_289.jpg,crazing,train
data/raw/crazing/crazing_282.jpg,crazing,train
data/raw/crazing/crazing_266.jpg,crazing,train
data/raw/crazing/crazing_127.jpg,crazing,train
data/raw/pitted_surface/pitted_surface_73.jpg,pitted_surface,train
data/raw/patches/patches_26.jpg,patches,train
data/raw/scratches/scratches_240.jpg,scratches,train
data/raw/patches/patches_157.jpg,patches,train
data/raw/scratches/scratches_112.jpg,scratches,train
data/raw/crazing/crazing_18.jpg,crazing,train
data/raw/rolled-in_scale/rolled-in_scale_125.jpg,rolled-in_scale,train
data/raw/scratches/scratches_298.jpg,scratches,train
data/raw/pitted_surface/pitted_surface_131.jpg,pitted_surface,train
data/raw/scratches/scratches_211.jpg,scratches,train
data/raw/rolled-in_scale/rolled-in_scale_62.jpg,rolled-in_scale,train
data/raw/scratches/scratches_118.jpg,scratches,train
data/raw/inclusion/inclusion_166.jpg,inclusion,train
data/raw/inclusion/inclusion_168.jpg,inclusion,train
data/raw/crazing/crazing_263.jpg,crazing,train
data/raw/crazing/crazing_113.jpg,crazing,train
data/raw/patches/patches_111.jpg,patches,train
data/raw/rolled-in_scale/rolled-in_scale_208.jpg,rolled-in_scale,train
data/raw/patches/patches_299.jpg,patches,train
data/raw/crazing/crazing_35.jpg,crazing,train
data/raw/rolled-in_scale/rolled-in_scale_224.jpg,rolled-in_scale,train
data/raw/patches/patches_39.jpg,patches,train
data/raw/scratches/scratches_248.jpg,scratches,train
data/raw/pitted_surface/pitted_surface_63.jpg,pitted_surface,train
data/raw/crazing/crazing_300.jpg,crazing,train
data/raw/scratches/scratches_27.jpg,scratches,train
data/raw/crazing/crazing_41.jpg,crazing,train
data/raw/crazing/crazing_26.jpg,crazing,train
data/raw/crazing/crazing_229.jpg,crazing,train
data/raw/inclusion/inclusion_153.jpg,inclusion,train
data/raw/crazing/crazing_129.jpg,crazing,train
data/raw/crazing/crazing_152.jpg,crazing,train
data/raw/rolled-in_scale/rolled-in_scale_92.jpg,rolled-in_scale,train
data/raw/rolled-in_scale/rolled-in_scale_231.jpg,rolled-in_scale,train
data/raw/pitted_surface/pitted_surface_255.jpg,pitted_surface,train
data/raw/patches/patches_72.jpg,patches,train
data/raw/crazing/crazing_5.jpg,crazing,train
data/raw/scratches/scratches_197.jpg,scratches,train
data/raw/scratches/scratches_252.jpg,scratches,train
data/raw/crazing/crazing_227.jpg,crazing,train
data/raw/rolled-in_scale/rolled-in_scale_29.jpg,rolled-in_scale,train
data/raw/inclusion/inclusion_203.jpg,inclusion,train
data/raw/scratches/scratches_280.jpg,scratches,train
data/raw/patches/patches_122.jpg,patches,train
data/raw/crazing/crazing_19.jpg,crazing,train
data/raw/pitted_surface/pitted_surface_267.jpg,pitted_surface,train
data/raw/rolled-in_scale/rolled-in_scale_204.jpg,rolled-in_scale,train
data/raw/inclusion/inclusion_48.jpg,inclusion,train
data/raw/patches/patches_195.jpg,patches,train
data/raw/patches/patches_179.jpg,patches,train
data/raw/scratches/scratches_238.jpg,scratches,train
data/raw/scratches/scratches_233.jpg,scratches,train
data/raw/crazing/crazing_96.jpg,crazing,train
data/raw/inclusion/inclusion_109.jpg,inclusion,train
data/raw/inclusion/inclusion_218.jpg,inclusion,train
data/raw/scratches/scratches_210.jpg,scratches,train
data/raw/pitted_surface/pitted_surface_217.jpg,pitted_surface,train
data/raw/pitted_surface/pitted_surface_137.jpg,pitted_surface,train
data/raw/crazing/crazing_86.jpg,crazing,train
data/raw/scratches/scratches_136.jpg,scratches,train
data/raw/crazing/crazing_283.jpg,crazing,train
data/raw/scratches/scratches_271.jpg,scratches,train
data/raw/scratches/scratches_254.jpg,scratches,train
data/raw/pitted_surface/pitted_surface_294.jpg,pitted_surface,train
data/raw/pitted_surface/pitted_surface_212.jpg,pitted_surface,train
data/raw/crazing/crazing_174.jpg,crazing,train
data/raw/inclusion/inclusion_287.jpg,inclusion,train
data/raw/pitted_surface/pitted_surface_271.jpg,pitted_surface,train
data/raw/rolled-in_scale/rolled-in_scale_283.jpg,rolled-in_scale,train
data/raw/patches/patches_141.jpg,patches,train
data/raw/crazing/crazing_100.jpg,crazing,train
data/raw/crazing/crazing_120.jpg,crazing,train
data/raw/scratches/scratches_49.jpg,scratches,train
data/raw/patches/patches_85.jpg,patches,train
data/raw/pitted_surface/pitted_surface_288.jpg,pitted_surface,train
data/raw/scratches/scratches_189.jpg,scratches,train
data/raw/pitted_surface/pitted_surface_272.jpg,pitted_surface,train
data/raw/inclusion/inclusion_149.jpg,inclusion,train
data/raw/scratches/scratches_175.jpg,scratches,train
data/raw/rolled-in_scale/rolled-in_scale_24.jpg,rolled-in_scale,train
data/raw/crazing/crazing_299.jpg,crazing,train
data/raw/patches/patches_178.jpg,patches,train
data/raw/crazing/crazing_156.jpg,crazing,train
data/raw/crazing/crazing_3.jpg,crazing,train
data/raw/crazing/crazing_220.jpg,crazing,train
data/raw/inclusion/inclusion_112.jpg,inclusion,train
data/raw/inclusion/inclusion_215.jpg,inclusion,train
data/raw/patches/patches_275.jpg,patches,train
data/raw/patches/patches_168.jpg,patches,train
data/raw/inclusion/inclusion_46.jpg,inclusion,train
data/raw/rolled-in_scale/rolled-in_scale_60.jpg,rolled-in_scale,train
data/raw/patches/patches_268.jpg,patches,train
data/raw/crazing/crazing_145.jpg,crazing,train
data/raw/inclusion/inclusion_6.jpg,inclusion,train
data/raw/crazing/crazing_165.jpg,crazing,train
data/raw/pitted_surface/pitted_surface_24.jpg,pitted_surface,train
data/raw/pitted_surface/pitted_surface_81.jpg,pitted_surface,train
data/raw/crazing/crazing_82.jpg,crazing,train
data/raw/patches/patches_236.jpg,patches,train
data/raw/pitted_surface/pitted_surface_145.jpg,pitted_surface,train
data/raw/inclusion/inclusion_30.jpg,inclusion,train
data/raw/pitted_surface/pitted_surface_150.jpg,pitted_surface,train
data/raw/rolled-in_scale/rolled-in_scale_254.jpg,rolled-in_scale,train
data/raw/pitted_surface/pitted_surface_280.jpg,pitted_surface,train
data/raw/scratches/scratches_166.jpg,scratches,train
data/raw/scratches/scratches_299.jpg,scratches,train
data/raw/inclusion/inclusion_32.jpg,inclusion,train
data/raw/scratches/scratches_296.jpg,scratches,train
data/raw/crazing/crazing_102.jpg,crazing,train
data/raw/patches/patches_267.jpg,patches,train
data/raw/rolled-in_scale/rolled-in_scale_211.jpg,rolled-in_scale,train
data/raw/pitted_surface/pitted_surface_147.jpg,pitted_surface,train
data/raw/patches/patches_199.jpg,patches,train
data/raw/pitted_surface/pitted_surface_229.jpg,pitted_surface,train
data/raw/pitted_surface/pitted_surface_178.jpg,pitted_surface,train
data/raw/crazing/crazing_183.jpg,crazing,train
data/raw/patches/patches_159.jpg,patches,train
data/raw/pitted_surface/pitted_surface_141.jpg,pitted_surface,train
data/raw/pitted_surface/pitted_surface_298.jpg,pitted_surface,train
data/raw/rolled-in_scale/rolled-in_scale_90.jpg,rolled-in_scale,train
data/raw/crazing/crazing_42.jpg,crazing,train
data/raw/patches/patches_288.jpg,patches,train
data/raw/crazing/crazing_213.jpg,crazing,train
data/raw/patches/patches_139.jpg,patches,train
data/raw/crazing/crazing_265.jpg,crazing,train
data/raw/crazing/crazing_112.jpg,crazing,train
data/raw/rolled-in_scale/rolled-in_scale_142.jpg,rolled-in_scale,train
data/raw/pitted_surface/pitted_surface_16.jpg,pitted_surface,train
data/raw/pitted_surface/pitted_surface_241.jpg,pitted_surface,train
data/raw/crazing/crazing_32.jpg,crazing,train
data/raw/rolled-in_scale/rolled-in_scale_263.jpg,rolled-in_scale,train
data/raw/scratches/scratches_84.jpg,scratches,train
data/raw/pitted_surface/pitted_surface_42.jpg,pitted_surface,train
data/raw/inclusion/inclusion_162.jpg,inclusion,train
data/raw/crazing/crazing_30.jpg,crazing,train
data/raw/inclusion/inclusion_65.jpg,inclusion,train
data/raw/inclusion/inclusion_216.jpg,inclusion,train
data/raw/rolled-in_scale/rolled-in_scale_198.jpg,rolled-in_scale,train
data/raw/inclusion/inclusion_9.jpg,inclusion,train
data/raw/rolled-in_scale/rolled-in_scale_242.jpg,rolled-in_scale,train
data/raw/inclusion/inclusion_191.jpg,inclusion,train
data/raw/inclusion/inclusion_222.jpg,inclusion,train
data/raw/pitted_surface/pitted_surface_248.jpg,pitted_surface,train
data/raw/inclusion/inclusion_21.jpg,inclusion,train
data/raw/scratches/scratches_168.jpg,scratches,train
data/raw/inclusion/inclusion_197.jpg,inclusion,train
data/raw/patches/patches_148.jpg,patches,train
data/raw/rolled-in_scale/rolled-in_scale_199.jpg,rolled-in_scale,train
data/raw/inclusion/inclusion_25.jpg,inclusion,train
data/raw/patches/patches_4.jpg,patches,train
data/raw/pitted_surface/pitted_surface_163.jpg,pitted_surface,train
data/raw/crazing/crazing_6.jpg,crazing,train
data/raw/pitted_surface/pitted_surface_45.jpg,pitted_surface,train
data/raw/inclusion/inclusion_24.jpg,inclusion,train
data/raw/scratches/scratches_110.jpg,scratches,train
data/raw/inclusion/inclusion_8.jpg,inclusion,train
data/raw/crazing/crazing_79.jpg,crazing,train
data/raw/crazing/crazing_247.jpg,crazing,train
data/raw/inclusion/inclusion_163.jpg,inclusion,train
data/raw/inclusion/inclusion_250.jpg,inclusion,train
data/raw/pitted_surface/pitted_surface_120.jpg,pitted_surface,train
data/raw/pitted_surface/pitted_surface_55.jpg,pitted_surface,train
data/raw/pitted_surface/pitted_surface_12.jpg,pitted_surface,train
data/raw/patches/patches_132.jpg,patches,train
data/raw/crazing/crazing_272.jpg,crazing,train
data/raw/scratches/scratches_155.jpg,scratches,train
data/raw/scratches/scratches_38.jpg,scratches,train
data/raw/crazing/crazing_58.jpg,crazing,train
data/raw/patches/patches_233.jpg,patches,train
data/raw/scratches/scratches_145.jpg,scratches,train
data/raw/inclusion/inclusion_139.jpg,inclusion,train
data/raw/scratches/scratches_213.jpg,scratches,train
data/raw/crazing/crazing_224.jpg,crazing,train
data/raw/crazing/crazing_93.jpg,crazing,train
data/raw/scratches/scratches_29.jpg,scratches,train
data/raw/rolled-in_scale/rolled-in_scale_246.jpg,rolled-in_scale,train
data/raw/scratches/scratches_127.jpg,scratches,train
data/raw/patches/patches_193.jpg,patches,train
data/raw/patches/patches_300.jpg,patches,train
data/raw/inclusion/inclusion_259.jpg,inclusion,train
data/raw/patches/patches_154.jpg,patches,train
data/raw/scratches/scratches_138.jpg,scratches,train
data/raw/rolled-in_scale/rolled-in_scale_214.jpg,rolled-in_scale,train
data/raw/crazing/crazing_39.jpg,crazing,train
data/raw/rolled-in_scale/rolled-in_scale_236.jpg,rolled-in_scale,train
data/raw/inclusion/inclusion_159.jpg,inclusion,train
data/raw/scratches/scratches_42.jpg,scratches,train
data/raw/pitted_surface/pitted_surface_82.jpg,pitted_surface,train
data/raw/patches/patches_126.jpg,patches,train
data/raw/pitted_surface/pitted_surface_104.jpg,pitted_surface,train
data/raw/inclusion/inclusion_90.jpg,inclusion,train
data/raw/pitted_surface/pitted_surface_43.jpg,pitted_surface,train
data/raw/patches/patches_20.jpg,patches,train
data/raw/crazing/crazing_221.jpg,crazing,train
data/raw/patches/patches_117.jpg,patches,train
data/raw/scratches/scratches_109.jpg,scratches,train
data/raw/pitted_surface/pitted_surface_296.jpg,pitted_surface,train
data/raw/patches/patches_169.jpg,patches,train
data/raw/pitted_surface/pitted_surface_192.jpg,pitted_surface,train
data/raw/scratches/scratches_226.jpg,scratches,train
data/raw/crazing/crazing_231.jpg,crazing,train
data/raw/inclusion/inclusion_217.jpg,inclusion,train
data/raw/pitted_surface/pitted_surface_289.jpg,pitted_surface,train
data/raw/inclusion/inclusion_258.jpg,inclusion,train
data/raw/crazing/crazing_246.jpg,crazing,train
data/raw/patches/patches_186.jpg,patches,train
data/raw/scratches/scratches_24.jpg,scratches,train
data/raw/inclusion/inclusion_179.jpg,inclusion,train
data/raw/pitted_surface/pitted_surface_136.jpg,pitted_surface,train
data/raw/patches/patches_2.jpg,patches,train
data/raw/rolled-in_scale/rolled-in_scale_1.jpg,rolled-in_scale,train
data/raw/scratches/scratches_184.jpg,scratches,train
data/raw/crazing/crazing_222.jpg,crazing,train
data/raw/inclusion/inclusion_10.jpg,inclusion,train
data/raw/rolled-in_scale/rolled-in_scale_37.jpg,rolled-in_scale,train
data/raw/patches/patches_118.jpg,patches,train
data/raw/scratches/scratches_227.jpg,scratches,train
data/raw/crazing/crazing_228.jpg,crazing,train
data/raw/inclusion/inclusion_57.jpg,inclusion,train
data/raw/crazing/crazing_123.jpg,crazing,train
data/raw/pitted_surface/pitted_surface_287.jpg,pitted_surface,train
data/raw/inclusion/inclusion_296.jpg,inclusion,train
data/raw/pitted_surface/pitted_surface_46.jpg,pitted_surface,train
data/raw/pitted_surface/pitted_surface_22.jpg,pitted_surface,train
data/raw/pitted_surface/pitted_surface_44.jpg,pitted_surface,train
data/raw/crazing/crazing_133.jpg,crazing,train
data/raw/inclusion/inclusion_164.jpg,inclusion,train
data/raw/pitted_surface/pitted_surface_262.jpg,pitted_surface,train
data/raw/crazing/crazing_122.jpg,crazing,train
data/raw/pitted_surface/pitted_surface_201.jpg,pitted_surface,train
data/raw/rolled-in_scale/rolled-in_scale_8.jpg,rolled-in_scale,train
data/raw/inclusion/inclusion_173.jpg,inclusion,train
data/raw/rolled-in_scale/rolled-in_scale_122.jpg,rolled-in_scale,train
data/raw/scratches/scratches_194.jpg,scratches,train
data/raw/patches/patches_73.jpg,patches,train
data/raw/scratches/scratches_122.jpg,scratches,train
data/raw/scratches/scratches_15.jpg,scratches,train
data/raw/pitted_surface/pitted_surface_197.jpg,pitted_surface,train
data/raw/crazing/crazing_245.jpg,crazing,train
data/raw/patches/patches_145.jpg,patches,train
data/raw/inclusion/inclusion_47.jpg,inclusion,train
data/raw/scratches/scratches_161.jpg,scratches,train
data/raw/patches/patches_108.jpg,patches,train
data/raw/scratches/scratches_67.jpg,scratches,train
data/raw/inclusion/inclusion_104.jpg,inclusion,train
data/raw/crazing/crazing_11.jpg,crazing,train
data/raw/rolled-in_scale/rolled-in_scale_295.jpg,rolled-in_scale,train
data/raw/rolled-in_scale/rolled-in_scale_269.jpg,rolled-in_scale,train
data/raw/scratches/scratches_300.jpg,scratches,train
data/raw/rolled-in_scale/rolled-in_scale_99.jpg,rolled-in_scale,train
data/raw/patches/patches_192.jpg,patches,train
data/raw/scratches/scratches_174.jpg,scratches,train
data/raw/crazing/crazing_114.jpg,crazing,train
data/raw/scratches/scratches_241.jpg,scratches,train
data/raw/scratches/scratches_287.jpg,scratches,train
data/raw/crazing/crazing_136.jpg,crazing,train
data/raw/crazing/crazing_1.jpg,crazing,train
data/raw/inclusion/inclusion_290.jpg,inclusion,train
data/raw/scratches/scratches_272.jpg,scratches,train
data/raw/rolled-in_scale/rolled-in_scale_74.jpg,rolled-in_scale,train
data/raw/patches/patches_12.jpg,patches,train
data/raw/patches/patches_93.jpg,patches,train
data/raw/pitted_surface/pitted_surface_179.jpg,pitted_surface,train
data/raw/scratches/scratches_41.jpg,scratches,train
data/raw/inclusion/inclusion_208.jpg,inclusion,train
data/raw/inclusion/inclusion_170.jpg,inclusion,train
data/raw/rolled-in_scale/rolled-in_scale_270.jpg,rolled-in_scale,train
data/raw/patches/patches_9.jpg,patches,train
data/raw/patches/patches_194.jpg,patches,train
data/raw/crazing/crazing_273.jpg,crazing,train
data/raw/rolled-in_scale/rolled-in_scale_77.jpg,rolled-in_scale,train
data/raw/pitted_surface/pitted_surface_176.jpg,pitted_surface,train
data/raw/crazing/crazing_15.jpg,crazing,train
data/raw/scratches/scratches_50.jpg,scratches,train
data/raw/scratches/scratches_26.jpg,scratches,train
data/raw/inclusion/inclusion_232.jpg,inclusion,train
data/raw/rolled-in_scale/rolled-in_scale_44.jpg,rolled-in_scale,train
data/raw/inclusion/inclusion_248.jpg,inclusion,train
data/raw/patches/patches_94.jpg,patches,train
data/raw/inclusion/inclusion_294.jpg,inclusion,train
data/raw/patches/patches_260.jpg,patches,train
data/raw/crazing/crazing_225.jpg,crazing,train
data/raw/scratches/scratches_76.jpg,scratches,train
data/raw/pitted_surface/pitted_surface_56.jpg,pitted_surface,train
data/raw/rolled-in_scale/rolled-in_scale_207.jpg,rolled-in_scale,train
data/raw/crazing/crazing_38.jpg,crazing,train
data/raw/inclusion/inclusion_137.jpg,inclusion,train
data/raw/patches/patches_257.jpg,patches,train
data/raw/crazing/crazing_239.jpg,crazing,train
data/raw/rolled-in_scale/rolled-in_scale_19.jpg,rolled-in_scale,train
data/raw/pitted_surface/pitted_surface_257.jpg,pitted_surface,train
data/raw/crazing/crazing_175.jpg,crazing,train
data/raw/inclusion/inclusion_249.jpg,inclusion,train
data/raw/pitted_surface/pitted_surface_236.jpg,pitted_surface,train
data/raw/crazing/crazing_4.jpg,crazing,train
data/raw/inclusion/inclusion_195.jpg,inclusion,train
data/raw/patches/patches_218.jpg,patches,train
data/raw/patches/patches_49.jpg,patches,train
data/raw/scratches/scratches_255.jpg,scratches,train
data/raw/pitted_surface/pitted_surface_246.jpg,pitted_surface,train
data/raw/scratches/scratches_83.jpg,scratches,train
data/raw/pitted_surface/pitted_surface_69.jpg,pitted_surface,train
data/raw/scratches/scratches_279.jpg,scratches,train
data/raw/rolled-in_scale/rolled-in_scale_97.jpg,rolled-in_scale,train
data/raw/inclusion/inclusion_276.jpg,inclusion,train
data/raw/scratches/scratches_119.jpg,scratches,train
data/raw/scratches/scratches_125.jpg,scratches,train
data/raw/pitted_surface/pitted_surface_173.jpg,pitted_surface,train
data/raw/rolled-in_scale/rolled-in_scale_149.jpg,rolled-in_scale,train
data/raw/scratches/scratches_185.jpg,scratches,train
data/raw/inclusion/inclusion_167.jpg,inclusion,train
data/raw/patches/patches_137.jpg,patches,train
data/raw/patches/patches_160.jpg,patches,train
data/raw/patches/patches_250.jpg,patches,train
data/raw/patches/patches_163.jpg,patches,train
data/raw/scratches/scratches_203.jpg,scratches,train
data/raw/patches/patches_41.jpg,patches,train
data/raw/rolled-in_scale/rolled-in_scale_47.jpg,rolled-in_scale,train
data/raw/inclusion/inclusion_175.jpg,inclusion,train
data/raw/pitted_surface/pitted_surface_117.jpg,pitted_surface,train
data/raw/rolled-in_scale/rolled-in_scale_245.jpg,rolled-in_scale,train
data/raw/pitted_surface/pitted_surface_6.jpg,pitted_surface,train
data/raw/crazing/crazing_83.jpg,crazing,train
data/raw/crazing/crazing_262.jpg,crazing,train
data/raw/rolled-in_scale/rolled-in_scale_298.jpg,rolled-in_scale,train
data/raw/patches/patches_162.jpg,patches,train
data/raw/pitted_surface/pitted_surface_189.jpg,pitted_surface,train
data/raw/inclusion/inclusion_134.jpg,inclusion,train
data/raw/scratches/scratches_68.jpg,scratches,train
data/raw/pitted_surface/pitted_surface_48.jpg,pitted_surface,train
data/raw/pitted_surface/pitted_surface_85.jpg,pitted_surface,train
data/raw/scratches/scratches_14.jpg,scratches,train
data/raw/crazing/crazing_238.jpg,crazing,train
data/raw/pitted_surface/pitted_surface_225.jpg,pitted_surface,train
data/raw/crazing/crazing_242.jpg,crazing,train
data/raw/inclusion/inclusion_44.jpg,inclusion,train
data/raw/rolled-in_scale/rolled-in_scale_49.jpg,rolled-in_scale,train
data/raw/rolled-in_scale/rolled-in_scale_223.jpg,rolled-in_scale,train
data/raw/scratches/scratches_62.jpg,scratches,train
data/raw/rolled-in_scale/rolled-in_scale_91.jpg,rolled-in_scale,train
data/raw/patches/patches_98.jpg,patches,train
data/raw/rolled-in_scale/rolled-in_scale_56.jpg,rolled-in_scale,train
data/raw/patches/patches_200.jpg,patches,train
data/raw/pitted_surface/pitted_surface_66.jpg,pitted_surface,train
data/raw/scratches/scratches_207.jpg,scratches,train
data/raw/patches/patches_248.jpg,patches,train
data/raw/pitted_surface/pitted_surface_83.jpg,pitted_surface,train
data/raw/crazing/crazing_107.jpg,crazing,train
data/raw/crazing/crazing_197.jpg,crazing,train
data/raw/scratches/scratches_17.jpg,scratches,train
data/raw/patches/patches_174.jpg,patches,train
data/raw/pitted_surface/pitted_surface_122.jpg,pitted_surface,train
data/raw/crazing/crazing_187.jpg,crazing,train
data/raw/crazing/crazing_253.jpg,crazing,train
data/raw/pitted_surface/pitted_surface_123.jpg,pitted_surface,train
data/raw/crazing/crazing_180.jpg,crazing,train
data/raw/rolled-in_scale/rolled-in_scale_114.jpg,rolled-in_scale,train
data/raw/pitted_surface/pitted_surface_39.jpg,pitted_surface,train
data/raw/pitted_surface/pitted_surface_276.jpg,pitted_surface,train
data/raw/inclusion/inclusion_242.jpg,inclusion,train
data/raw/scratches/scratches_253.jpg,scratches,train
data/raw/rolled-in_scale/rolled-in_scale_86.jpg,rolled-in_scale,train
data/raw/rolled-in_scale/rolled-in_scale_4.jpg,rolled-in_scale,train
data/raw/patches/patches_149.jpg,patches,train
data/raw/scratches/scratches_143.jpg,scratches,train
data/raw/inclusion/inclusion_229.jpg,inclusion,train
data/raw/patches/patches_67.jpg,patches,train
data/raw/pitted_surface/pitted_surface_139.jpg,pitted_surface,train
data/raw/pitted_surface/pitted_surface_240.jpg,pitted_surface,train
data/raw/patches/patches_210.jpg,patches,train
data/raw/crazing/crazing_20.jpg,crazing,train
data/raw/rolled-in_scale/rolled-in_scale_291.jpg,rolled-in_scale,train
data/raw/scratches/scratches_114.jpg,scratches,train
data/raw/pitted_surface/pitted_surface_119.jpg,pitted_surface,train
data/raw/rolled-in_scale/rolled-in_scale_15.jpg,rolled-in_scale,train
data/raw/rolled-in_scale/rolled-in_scale_180.jpg,rolled-in_scale,train
data/raw/patches/patches_234.jpg,patches,train
data/raw/inclusion/inclusion_132.jpg,inclusion,train
data/raw/rolled-in_scale/rolled-in_scale_79.jpg,rolled-in_scale,train
data/raw/crazing/crazing_215.jpg,crazing,train
data/raw/crazing/crazing_248.jpg,crazing,train
data/raw/inclusion/inclusion_129.jpg,inclusion,train
data/raw/inclusion/inclusion_19.jpg,inclusion,train
data/raw/crazing/crazing_149.jpg,crazing,train
data/raw/scratches/scratches_214.jpg,scratches,train
data/raw/pitted_surface/pitted_surface_290.jpg,pitted_surface,train
data/raw/rolled-in_scale/rolled-in_scale_68.jpg,rolled-in_scale,train
data/raw/crazing/crazing_167.jpg,crazing,train
data/raw/inclusion/inclusion_72.jpg,inclusion,train
data/raw/rolled-in_scale/rolled-in_scale_36.jpg,rolled-in_scale,train
data/raw/inclusion/inclusion_98.jpg,inclusion,train
data/raw/scratches/scratches_228.jpg,scratches,train
data/raw/pitted_surface/pitted_surface_191.jpg,pitted_surface,train
data/raw/rolled-in_scale/rolled-in_scale_7.jpg,rolled-in_scale,train
data/raw/pitted_surface/pitted_surface_100.jpg,pitted_surface,train
data/raw/crazing/crazing_65.jpg,crazing,train
data/raw/patches/patches_121.jpg,patches,train
data/raw/scratches/scratches_6.jpg,scratches,train
data/raw/inclusion/inclusion_275.jpg,inclusion,train
data/raw/inclusion/inclusion_73.jpg,inclusion,train
data/raw/rolled-in_scale/rolled-in_scale_281.jpg,rolled-in_scale,train
data/raw/pitted_surface/pitted_surface_208.jpg,pitted_surface,train
data/raw/scratches/scratches_273.jpg,scratches,train
data/raw/pitted_surface/pitted_surface_88.jpg,pitted_surface,train
data/raw/patches/patches_187.jpg,patches,train
data/raw/pitted_surface/pitted_surface_295.jpg,pitted_surface,train
data/raw/patches/patches_182.jpg,patches,train
data/raw/patches/patches_5.jpg,patches,train
data/raw/inclusion/inclusion_2.jpg,inclusion,train
data/raw/rolled-in_scale/rolled-in_scale_258.jpg,rolled-in_scale,train
data/raw/inclusion/inclusion_18.jpg,inclusion,train
data/raw/patches/patches_273.jpg,patches,train
data/raw/patches/patches_8.jpg,patches,train
data/raw/patches/patches_15.jpg,patches,train
data/raw/pitted_surface/pitted_surface_75.jpg,pitted_surface,train
data/raw/patches/patches_155.jpg,patches,train
data/raw/crazing/crazing_212.jpg,crazing,train
data/raw/rolled-in_scale/rolled-in_scale_78.jpg,rolled-in_scale,train
data/raw/scratches/scratches_205.jpg,scratches,train
data/raw/rolled-in_scale/rolled-in_scale_285.jpg,rolled-in_scale,train
data/raw/crazing/crazing_73.jpg,crazing,train
data/raw/scratches/scratches_126.jpg,scratches,train
data/raw/inclusion/inclusion_283.jpg,inclusion,train
data/raw/scratches/scratches_39.jpg,scratches,train
data/raw/inclusion/inclusion_280.jpg,inclusion,train
data/raw/inclusion/inclusion_118.jpg,inclusion,train
data/raw/rolled-in_scale/rolled-in_scale_83.jpg,rolled-in_scale,train
data/raw/scratches/scratches_264.jpg,scratches,train
data/raw/crazing/crazing_43.jpg,crazing,train
data/raw/inclusion/inclusion_102.jpg,inclusion,train
data/raw/crazing/crazing_53.jpg,crazing,train
data/raw/scratches/scratches_191.jpg,scratches,train
data/raw/rolled-in_scale/rolled-in_scale_27.jpg,rolled-in_scale,train
data/raw/crazing/crazing_154.jpg,crazing,train
data/raw/crazing/crazing_236.jpg,crazing,train
data/raw/crazing/crazing_74.jpg,crazing,train
data/raw/rolled-in_scale/rolled-in_scale_272.jpg,rolled-in_scale,train
data/raw/crazing/crazing_188.jpg,crazing,train
data/raw/patches/patches_48.jpg,patches,train
data/raw/crazing/crazing_185.jpg,crazing,train
data/raw/inclusion/inclusion_67.jpg,inclusion,train
data/raw/patches/patches_37.jpg,patches,train
data/raw/crazing/crazing_153.jpg,crazing,train
data/raw/crazing/crazing_164.jpg,crazing,train
data/raw/rolled-in_scale/rolled-in_scale_184.jpg,rolled-in_scale,train
data/raw/patches/patches_136.jpg,patches,train
data/raw/pitted_surface/pitted_surface_124.jpg,pitted_surface,train
data/raw/scratches/scratches_86.jpg,scratches,train
data/raw/inclusion/inclusion_60.jpg,inclusion,train
data/raw/scratches/scratches_289.jpg,scratches,train
data/raw/pitted_surface/pitted_surface_133.jpg,pitted_surface,train
data/raw/rolled-in_scale/rolled-in_scale_69.jpg,rolled-in_scale,train
data/raw/patches/patches_293.jpg,patches,train
data/raw/inclusion/inclusion_110.jpg,inclusion,train
data/raw/pitted_surface/pitted_surface_228.jpg,pitted_surface,train
data/raw/inclusion/inclusion_151.jpg,inclusion,train
data/raw/inclusion/inclusion_17.jpg,inclusion,train
data/raw/rolled-in_scale/rolled-in_scale_75.jpg,rolled-in_scale,train
data/raw/scratches/scratches_133.jpg,scratches,train
data/raw/pitted_surface/pitted_surface_52.jpg,pitted_surface,train
data/raw/inclusion/inclusion_94.jpg,inclusion,train
data/raw/inclusion/inclusion_284.jpg,inclusion,train
data/raw/crazing/crazing_128.jpg,crazing,train
data/raw/inclusion/inclusion_277.jpg,inclusion,train
data/raw/scratches/scratches_225.jpg,scratches,train
data/raw/patches/patches_264.jpg,patches,train
data/raw/rolled-in_scale/rolled-in_scale_145.jpg,rolled-in_scale,train
data/raw/patches/patches_68.jpg,patches,train
data/raw/rolled-in_scale/rolled-in_scale_41.jpg,rolled-in_scale,train
data/raw/inclusion/inclusion_35.jpg,inclusion,train
data/raw/pitted_surface/pitted_surface_239.jpg,pitted_surface,train
data/raw/rolled-in_scale/rolled-in_scale_115.jpg,rolled-in_scale,train
data/raw/inclusion/inclusion_49.jpg,inclusion,train
data/raw/scratches/scratches_35.jpg,scratches,train
data/raw/crazing/crazing_177.jpg,crazing,train
data/raw/scratches/scratches_34.jpg,scratches,train
data/raw/patches/patches_143.jpg,patches,train
data/raw/pitted_surface/pitted_surface_108.jpg,pitted_surface,train
data/raw/inclusion/inclusion_196.jpg,inclusion,train
data/raw/pitted_surface/pitted_surface_36.jpg,pitted_surface,train
data/raw/patches/patches_171.jpg,patches,train
data/raw/rolled-in_scale/rolled-in_scale_203.jpg,rolled-in_scale,train
data/raw/inclusion/inclusion_145.jpg,inclusion,train
data/raw/inclusion/inclusion_245.jpg,inclusion,train
data/raw/patches/patches_240.jpg,patches,train
data/raw/scratches/scratches_275.jpg,scratches,train
data/raw/scratches/scratches_239.jpg,scratches,train
data/raw/patches/patches_44.jpg,patches,train
data/raw/rolled-in_scale/rolled-in_scale_212.jpg,rolled-in_scale,train
data/raw/rolled-in_scale/rolled-in_scale_190.jpg,rolled-in_scale,train
data/raw/rolled-in_scale/rolled-in_scale_103.jpg,rolled-in_scale,train
data/raw/rolled-in_scale/rolled-in_scale_143.jpg,rolled-in_scale,train
data/raw/patches/patches_185.jpg,patches,train
data/raw/pitted_surface/pitted_surface_252.jpg,pitted_surface,train
data/raw/inclusion/inclusion_252.jpg,inclusion,train
data/raw/pitted_surface/pitted_surface_202.jpg,pitted_surface,train
data/raw/scratches/scratches_85.jpg,scratches,train
data/raw/scratches/scratches_167.jpg,scratches,train
data/raw/scratches/scratches_267.jpg,scratches,train
data/raw/crazing/crazing_252.jpg,crazing,train
data/raw/pitted_surface/pitted_surface_30.jpg,pitted_surface,train
data/raw/rolled-in_scale/rolled-in_scale_179.jpg,rolled-in_scale,train
data/raw/rolled-in_scale/rolled-in_scale_119.jpg,rolled-in_scale,train
data/raw/inclusion/inclusion_7.jpg,inclusion,train
data/raw/scratches/scratches_104.jpg,scratches,train
data/raw/inclusion/inclusion_291.jpg,inclusion,train
data/raw/rolled-in_scale/rolled-in_scale_95.jpg,rolled-in_scale,train
data/raw/inclusion/inclusion_160.jpg,inclusion,train
data/raw/rolled-in_scale/rolled-in_scale_20.jpg,rolled-in_scale,train
data/raw/crazing/crazing_258.jpg,crazing,train
data/raw/scratches/scratches_172.jpg,scratches,train
data/raw/patches/patches_47.jpg,patches,train
data/raw/inclusion/inclusion_286.jpg,inclusion,train
data/raw/rolled-in_scale/rolled-in_scale_13.jpg,rolled-in_scale,train
data/raw/scratches/scratches_220.jpg,scratches,train
data/raw/pitted_surface/pitted_surface_33.jpg,pitted_surface,train
data/raw/patches/patches_59.jpg,patches,train
data/raw/patches/patches_25.jpg,patches,train
data/raw/patches/patches_50.jpg,patches,train
data/raw/patches/patches_96.jpg,patches,train
data/raw/inclusion/inclusion_115.jpg,inclusion,train
data/raw/inclusion/inclusion_52.jpg,inclusion,train
data/raw/pitted_surface/pitted_surface_251.jpg,pitted_surface,train
data/raw/patches/patches_125.jpg,patches,train
data/raw/inclusion/inclusion_190.jpg,inclusion,train
data/raw/inclusion/inclusion_182.jpg,inclusion,train
data/raw/patches/patches_188.jpg,patches,train
data/raw/rolled-in_scale/rolled-in_scale_154.jpg,rolled-in_scale,train
data/raw/crazing/crazing_166.jpg,crazing,train
data/raw/scratches/scratches_93.jpg,scratches,train
data/raw/pitted_surface/pitted_surface_67.jpg,pitted_surface,train
data/raw/inclusion/inclusion_76.jpg,inclusion,train
data/raw/patches/patches_274.jpg,patches,train
data/raw/rolled-in_scale/rolled-in_scale_5.jpg,rolled-in_scale,train
data/raw/pitted_surface/pitted_surface_258.jpg,pitted_surface,train
data/raw/patches/patches_119.jpg,patches,train
data/raw/patches/patches_21.jpg,patches,train
data/raw/patches/patches_71.jpg,patches,train
data/raw/crazing/crazing_198.jpg,crazing,train
data/raw/pitted_surface/pitted_surface_151.jpg,pitted_surface,train
data/raw/scratches/scratches_113.jpg,scratches,train
data/raw/pitted_surface/pitted_surface_231.jpg,pitted_surface,train
data/raw/inclusion/inclusion_146.jpg,inclusion,train
data/raw/scratches/scratches_263.jpg,scratches,train
data/raw/scratches/scratches_90.jpg,scratches,train
data/raw/scratches/scratches_270.jpg,scratches,train
data/raw/rolled-in_scale/rolled-in_scale_121.jpg,rolled-in_scale,train
data/raw/crazing/crazing_297.jpg,crazing,train
data/raw/inclusion/inclusion_225.jpg,inclusion,train
data/raw/inclusion/inclusion_279.jpg,inclusion,train
data/raw/pitted_surface/pitted_surface_38.jpg,pitted_surface,train
data/raw/rolled-in_scale/rolled-in_scale_153.jpg,rolled-in_scale,train
data/raw/crazing/crazing_260.jpg,crazing,train
data/raw/crazing/crazing_240.jpg,crazing,train
data/raw/patches/patches_166.jpg,patches,train
data/raw/patches/patches_209.jpg,patches,train
data/raw/pitted_surface/pitted_surface_282.jpg,pitted_surface,train
data/raw/scratches/scratches_89.jpg,scratches,train
data/raw/rolled-in_scale/rolled-in_scale_182.jpg,rolled-in_scale,train
data/raw/inclusion/inclusion_206.jpg,inclusion,train
data/raw/crazing/crazing_285.jpg,crazing,train
data/raw/crazing/crazing_9.jpg,crazing,train
data/raw/crazing/crazing_234.jpg,crazing,train
data/raw/crazing/crazing_68.jpg,crazing,train
data/raw/scratches/scratches_198.jpg,scratches,train
data/raw/scratches/scratches_236.jpg,scratches,train
data/raw/rolled-in_scale/rolled-in_scale_6.jpg,rolled-in_scale,train
data/raw/rolled-in_scale/rolled-in_scale_81.jpg,rolled-in_scale,train
data/raw/rolled-in_scale/rolled-in_scale_194.jpg,rolled-in_scale,train
data/raw/pitted_surface/pitted_surface_275.jpg,pitted_surface,train
data/raw/inclusion/inclusion_288.jpg,inclusion,train
data/raw/scratches/scratches_208.jpg,scratches,train
data/raw/patches/patches_107.jpg,patches,train
data/raw/rolled-in_scale/rolled-in_scale_229.jpg,rolled-in_scale,train
data/raw/patches/patches_61.jpg,patches,train
data/raw/pitted_surface/pitted_surface_194.jpg,pitted_surface,train
data/raw/rolled-in_scale/rolled-in_scale_288.jpg,rolled-in_scale,train
data/raw/scratches/scratches_22.jpg,scratches,train
data/raw/inclusion/inclusion_92.jpg,inclusion,train
data/raw/patches/patches_6.jpg,patches,train
data/raw/patches/patches_64.jpg,patches,train
data/raw/pitted_surface/pitted_surface_144.jpg,pitted_surface,train
data/raw/pitted_surface/pitted_surface_177.jpg,pitted_surface,train
data/raw/inclusion/inclusion_20.jpg,inclusion,train
data/raw/pitted_surface/pitted_surface_8.jpg,pitted_surface,train
data/raw/patches/patches_142.jpg,patches,train
data/raw/rolled-in_scale/rolled-in_scale_152.jpg,rolled-in_scale,train
data/raw/inclusion/inclusion_247.jpg,inclusion,train
data/raw/crazing/crazing_296.jpg,crazing,train
data/raw/crazing/crazing_255.jpg,crazing,train
data/raw/patches/patches_43.jpg,patches,train
data/raw/pitted_surface/pitted_surface_247.jpg,pitted_surface,train
data/raw/patches/patches_247.jpg,patches,train
data/raw/inclusion/inclusion_262.jpg,inclusion,train
data/raw/pitted_surface/pitted_surface_232.jpg,pitted_surface,train
data/raw/pitted_surface/pitted_surface_115.jpg,pitted_surface,train
data/raw/inclusion/inclusion_154.jpg,inclusion,train
data/raw/crazing/crazing_70.jpg,crazing,train
data/raw/patches/patches_221.jpg,patches,train
data/raw/pitted_surface/pitted_surface_207.jpg,pitted_surface,train
data/raw/patches/patches_103.jpg,patches,train
data/raw/rolled-in_scale/rolled-in_scale_193.jpg,rolled-in_scale,train
data/raw/pitted_surface/pitted_surface_54.jpg,pitted_surface,train
data/raw/pitted_surface/pitted_surface_53.jpg,pitted_surface,train
data/raw/crazing/crazing_81.jpg,crazing,train
data/raw/patches/patches_40.jpg,patches,train
data/raw/pitted_surface/pitted_surface_211.jpg,pitted_surface,train
data/raw/patches/patches_286.jpg,patches,train
data/raw/patches/patches_276.jpg,patches,train
data/raw/scratches/scratches_282.jpg,scratches,train
data/raw/crazing/crazing_104.jpg,crazing,train
data/raw/scratches/scratches_115.jpg,scratches,train
data/raw/patches/patches_272.jpg,patches,train
data/raw/rolled-in_scale/rolled-in_scale_87.jpg,rolled-in_scale,train
data/raw/rolled-in_scale/rolled-in_scale_164.jpg,rolled-in_scale,train
data/raw/inclusion/inclusion_95.jpg,inclusion,train
data/raw/inclusion/inclusion_26.jpg,inclusion,train
data/raw/inclusion/inclusion_28.jpg,inclusion,train
data/raw/pitted_surface/pitted_surface_291.jpg,pitted_surface,train
data/raw/patches/patches_97.jpg,patches,train
data/raw/patches/patches_23.jpg,patches,train
data/raw/inclusion/inclusion_244.jpg,inclusion,train
data/raw/patches/patches_176.jpg,patches,train
data/raw/rolled-in_scale/rolled-in_scale_17.jpg,rolled-in_scale,train
data/raw/crazing/crazing_89.jpg,crazing,train
data/raw/rolled-in_scale/rolled-in_scale_64.jpg,rolled-in_scale,train
data/raw/rolled-in_scale/rolled-in_scale_233.jpg,rolled-in_scale,train
data/raw/crazing/crazing_131.jpg,crazing,train
data/raw/rolled-in_scale/rolled-in_scale_260.jpg,rolled-in_scale,train
data/raw/inclusion/inclusion_81.jpg,inclusion,train
data/raw/pitted_surface/pitted_surface_128.jpg,pitted_surface,train
data/raw/crazing/crazing_76.jpg,crazing,train
data/raw/crazing/crazing_116.jpg,crazing,train
data/raw/patches/patches_16.jpg,patches,train
data/raw/patches/patches_104.jpg,patches,train
data/raw/crazing/crazing_8.jpg,crazing,train
data/raw/pitted_surface/pitted_surface_87.jpg,pitted_surface,train
data/raw/inclusion/inclusion_224.jpg,inclusion,train
data/raw/rolled-in_scale/rolled-in_scale_293.jpg,rolled-in_scale,train
data/raw/scratches/scratches_4.jpg,scratches,train
data/raw/pitted_surface/pitted_surface_214.jpg,pitted_surface,train
data/raw/scratches/scratches_28.jpg,scratches,train
data/raw/pitted_surface/pitted_surface_274.jpg,pitted_surface,train
data/raw/patches/patches_10.jpg,patches,train
data/raw/rolled-in_scale/rolled-in_scale_174.jpg,rolled-in_scale,train
data/raw/rolled-in_scale/rolled-in_scale_26.jpg,rolled-in_scale,train
data/raw/scratches/scratches_235.jpg,scratches,train
data/raw/rolled-in_scale/rolled-in_scale_150.jpg,rolled-in_scale,train
data/raw/rolled-in_scale/rolled-in_scale_219.jpg,rolled-in_scale,train
data/raw/pitted_surface/pitted_surface_168.jpg,pitted_surface,train
data/raw/inclusion/inclusion_37.jpg,inclusion,train
data/raw/patches/patches_277.jpg,patches,train
data/raw/scratches/scratches_162.jpg,scratches,train
data/raw/scratches/scratches_234.jpg,scratches,train
data/raw/patches/patches_124.jpg,patches,train
data/raw/rolled-in_scale/rolled-in_scale_249.jpg,rolled-in_scale,train
data/raw/crazing/crazing_190.jpg,crazing,train
data/raw/scratches/scratches_199.jpg,scratches,train
data/raw/crazing/crazing_211.jpg,crazing,train
data/raw/pitted_surface/pitted_surface_261.jpg,pitted_surface,train
data/raw/crazing/crazing_51.jpg,crazing,train
data/raw/rolled-in_scale/rolled-in_scale_102.jpg,rolled-in_scale,train
data/raw/crazing/crazing_159.jpg,crazing,train
data/raw/scratches/scratches_281.jpg,scratches,train
data/raw/inclusion/inclusion_299.jpg,inclusion,train
data/raw/patches/patches_130.jpg,patches,train
data/raw/rolled-in_scale/rolled-in_scale_195.jpg,rolled-in_scale,train
data/raw/pitted_surface/pitted_surface_105.jpg,pitted_surface,train
data/raw/crazing/crazing_193.jpg,crazing,train
data/raw/rolled-in_scale/rolled-in_scale_137.jpg,rolled-in_scale,train
data/raw/patches/patches_177.jpg,patches,train
data/raw/rolled-in_scale/rolled-in_scale_123.jpg,rolled-in_scale,train
data/raw/inclusion/inclusion_289.jpg,inclusion,train
data/raw/scratches/scratches_55.jpg,scratches,train
data/raw/crazing/crazing_186.jpg,crazing,train
data/raw/crazing/crazing_132.jpg,crazing,train
data/raw/crazing/crazing_130.jpg,crazing,train
data/raw/inclusion/inclusion_209.jpg,inclusion,train
data/raw/inclusion/inclusion_274.jpg,inclusion,train
data/raw/patches/patches_213.jpg,patches,train
data/raw/inclusion/inclusion_63.jpg,inclusion,train
data/raw/crazing/crazing_288.jpg,crazing,train
data/raw/pitted_surface/pitted_surface_84.jpg,pitted_surface,train
data/raw/rolled-in_scale/rolled-in_scale_210.jpg,rolled-in_scale,train
data/raw/pitted_surface/pitted_surface_65.jpg,pitted_surface,train
data/raw/pitted_surface/pitted_surface_162.jpg,pitted_surface,train
data/raw/inclusion/inclusion_55.jpg,inclusion,train
data/raw/rolled-in_scale/rolled-in_scale_261.jpg,rolled-in_scale,train
data/raw/scratches/scratches_212.jpg,scratches,train
data/raw/scratches/scratches_46.jpg,scratches,train
data/raw/scratches/scratches_222.jpg,scratches,train
data/raw/rolled-in_scale/rolled-in_scale_67.jpg,rolled-in_scale,train
data/raw/crazing/crazing_204.jpg,crazing,train
data/raw/patches/patches_284.jpg,patches,train
data/raw/pitted_surface/pitted_surface_285.jpg,pitted_surface,train
data/raw/inclusion/inclusion_61.jpg,inclusion,train
data/raw/crazing/crazing_158.jpg,crazing,train
data/raw/patches/patches_223.jpg,patches,train
data/raw/patches/patches_54.jpg,patches,train
data/raw/pitted_surface/pitted_surface_187.jpg,pitted_surface,train
data/raw/crazing/crazing_168.jpg,crazing,train
data/raw/rolled-in_scale/rolled-in_scale_16.jpg,rolled-in_scale,train
data/raw/inclusion/inclusion_70.jpg,inclusion,train
data/raw/scratches/scratches_88.jpg,scratches,train
data/raw/scratches/scratches_48.jpg,scratches,train
data/raw/inclusion/inclusion_267.jpg,inclusion,train
data/raw/crazing/crazing_34.jpg,crazing,train
data/raw/inclusion/inclusion_138.jpg,inclusion,train
data/raw/rolled-in_scale/rolled-in_scale_279.jpg,rolled-in_scale,train
data/raw/scratches/scratches_232.jpg,scratches,train
data/raw/rolled-in_scale/rolled-in_scale_70.jpg,rolled-in_scale,train
data/raw/rolled-in_scale/rolled-in_scale_257.jpg,rolled-in_scale,train
data/raw/inclusion/inclusion_29.jpg,inclusion,train
data/raw/pitted_surface/pitted_surface_293.jpg,pitted_surface,train
data/raw/patches/patches_52.jpg,patches,train
data/raw/crazing/crazing_109.jpg,crazing,train
data/raw/pitted_surface/pitted_surface_250.jpg,pitted_surface,train
data/raw/rolled-in_scale/rolled-in_scale_284.jpg,rolled-in_scale,train
data/raw/pitted_surface/pitted_surface_37.jpg,pitted_surface,train
data/raw/crazing/crazing_226.jpg,crazing,train
data/raw/patches/patches_167.jpg,patches,train
data/raw/pitted_surface/pitted_surface_31.jpg,pitted_surface,train
data/raw/scratches/scratches_130.jpg,scratches,train
data/raw/inclusion/inclusion_12.jpg,inclusion,train
data/raw/scratches/scratches_135.jpg,scratches,train
data/raw/scratches/scratches_246.jpg,scratches,train
data/raw/pitted_surface/pitted_surface_98.jpg,pitted_surface,train
data/raw/scratches/scratches_142.jpg,scratches,train
data/raw/pitted_surface/pitted_surface_205.jpg,pitted_surface,train
data/raw/patches/patches_92.jpg,patches,train
data/raw/pitted_surface/pitted_surface_112.jpg,pitted_surface,train
data/raw/rolled-in_scale/rolled-in_scale_157.jpg,rolled-in_scale,train
data/raw/pitted_surface/pitted_surface_196.jpg,pitted_surface,train
data/raw/patches/patches_269.jpg,patches,train
data/raw/patches/patches_81.jpg,patches,train
data/raw/scratches/scratches_129.jpg,scratches,train
data/raw/pitted_surface/pitted_surface_279.jpg,pitted_surface,train
data/raw/crazing/crazing_291.jpg,crazing,train
data/raw/pitted_surface/pitted_surface_249.jpg,pitted_surface,train
data/raw/patches/patches_256.jpg,patches,train
data/raw/inclusion/inclusion_140.jpg,inclusion,train
data/raw/scratches/scratches_92.jpg,scratches,train
data/raw/rolled-in_scale/rolled-in_scale_183.jpg,rolled-in_scale,train
data/raw/inclusion/inclusion_172.jpg,inclusion,train
data/raw/rolled-in_scale/rolled-in_scale_167.jpg,rolled-in_scale,train
data/raw/inclusion/inclusion_45.jpg,inclusion,train
data/raw/rolled-in_scale/rolled-in_scale_61.jpg,rolled-in_scale,train
data/raw/inclusion/inclusion_178.jpg,inclusion,train
data/raw/rolled-in_scale/rolled-in_scale_18.jpg,rolled-in_scale,train
data/raw/scratches/scratches_12.jpg,scratches,train
data/raw/crazing/crazing_264.jpg,crazing,train
data/raw/patches/patches_62.jpg,patches,train
data/raw/inclusion/inclusion_265.jpg,inclusion,train
data/raw/inclusion/inclusion_62.jpg,inclusion,train
data/raw/inclusion/inclusion_136.jpg,inclusion,train
data/raw/patches/patches_245.jpg,patches,train
data/raw/pitted_surface/pitted_surface_94.jpg,pitted_surface,train
data/raw/scratches/scratches_286.jpg,scratches,train
data/raw/scratches/scratches_121.jpg,scratches,train
data/raw/inclusion/inclusion_51.jpg,inclusion,train
data/raw/pitted_surface/pitted_surface_153.jpg,pitted_surface,train
data/raw/rolled-in_scale/rolled-in_scale_54.jpg,rolled-in_scale,train
data/raw/crazing/crazing_97.jpg,crazing,train
data/raw/rolled-in_scale/rolled-in_scale_162.jpg,rolled-in_scale,train
data/raw/rolled-in_scale/rolled-in_scale_255.jpg,rolled-in_scale,train
data/raw/patches/patches_11.jpg,patches,train
data/raw/patches/patches_128.jpg,patches,train
data/raw/scratches/scratches_288.jpg,scratches,train
data/raw/scratches/scratches_269.jpg,scratches,train
data/raw/scratches/scratches_157.jpg,scratches,train
data/raw/scratches/scratches_10.jpg,scratches,train
data/raw/patches/patches_216.jpg,patches,train
data/raw/patches/patches_156.jpg,patches,train
data/raw/patches/patches_278.jpg,patches,train
data/raw/patches/patches_251.jpg,patches,train
data/raw/rolled-in_scale/rolled-in_scale_296.jpg,rolled-in_scale,train
data/raw/rolled-in_scale/rolled-in_scale_202.jpg,rolled-in_scale,train
data/raw/inclusion/inclusion_135.jpg,inclusion,train
data/raw/crazing/crazing_203.jpg,crazing,train
data/raw/pitted_surface/pitted_surface_111.jpg,pitted_surface,train
data/raw/patches/patches_65.jpg,patches,train
data/raw/inclusion/inclusion_189.jpg,inclusion,train
data/raw/rolled-in_scale/rolled-in_scale_63.jpg,rolled-in_scale,train
data/raw/crazing/crazing_155.jpg,crazing,train
data/raw/patches/patches_258.jpg,patches,train
data/raw/rolled-in_scale/rolled-in_scale_226.jpg,rolled-in_scale,train
data/raw/rolled-in_scale/rolled-in_scale_129.jpg,rolled-in_scale,train
data/raw/pitted_surface/pitted_surface_278.jpg,pitted_surface,train
data/raw/scratches/scratches_160.jpg,scratches,train
data/raw/scratches/scratches_79.jpg,scratches,train
data/raw/inclusion/inclusion_241.jpg,inclusion,train
data/raw/inclusion/inclusion_123.jpg,inclusion,train
data/raw/crazing/crazing_182.jpg,crazing,train
data/raw/scratches/scratches_294.jpg,scratches,train
data/raw/pitted_surface/pitted_surface_186.jpg,pitted_surface,train
data/raw/crazing/crazing_119.jpg,crazing,train
data/raw/patches/patches_226.jpg,patches,train
data/raw/pitted_surface/pitted_surface_148.jpg,pitted_surface,train
data/raw/inclusion/inclusion_264.jpg,inclusion,train
data/raw/pitted_surface/pitted_surface_5.jpg,pitted_surface,train
data/raw/crazing/crazing_125.jpg,crazing,train
data/raw/rolled-in_scale/rolled-in_scale_294.jpg,rolled-in_scale,train
data/raw/rolled-in_scale/rolled-in_scale_160.jpg,rolled-in_scale,train
data/raw/scratches/scratches_65.jpg,scratches,train
data/raw/scratches/scratches_216.jpg,scratches,train
data/raw/pitted_surface/pitted_surface_93.jpg,pitted_surface,train
data/raw/scratches/scratches_82.jpg,scratches,train
data/raw/scratches/scratches_144.jpg,scratches,train
data/raw/scratches/scratches_107.jpg,scratches,train
data/raw/pitted_surface/pitted_surface_264.jpg,pitted_surface,train
data/raw/patches/patches_75.jpg,patches,train
data/raw/crazing/crazing_267.jpg,crazing,train
data/raw/rolled-in_scale/rolled-in_scale_155.jpg,rolled-in_scale,train
data/raw/rolled-in_scale/rolled-in_scale_51.jpg,rolled-in_scale,train
data/raw/crazing/crazing_36.jpg,crazing,train
data/raw/rolled-in_scale/rolled-in_scale_277.jpg,rolled-in_scale,train
data/raw/scratches/scratches_80.jpg,scratches,train
data/raw/pitted_surface/pitted_surface_284.jpg,pitted_surface,train
data/raw/scratches/scratches_176.jpg,scratches,train
data/raw/scratches/scratches_217.jpg,scratches,train
data/raw/patches/patches_197.jpg,patches,train
data/raw/rolled-in_scale/rolled-in_scale_94.jpg,rolled-in_scale,train
data/raw/scratches/scratches_165.jpg,scratches,train
data/raw/rolled-in_scale/rolled-in_scale_221.jpg,rolled-in_scale,train
data/raw/scratches/scratches_2.jpg,scratches,train
data/raw/inclusion/inclusion_100.jpg,inclusion,train
data/raw/rolled-in_scale/rolled-in_scale_76.jpg,rolled-in_scale,train
data/raw/rolled-in_scale/rolled-in_scale_289.jpg,rolled-in_scale,train
data/raw/inclusion/inclusion_40.jpg,inclusion,train
data/raw/pitted_surface/pitted_surface_60.jpg,pitted_surface,train
data/raw/inclusion/inclusion_273.jpg,inclusion,train
data/raw/rolled-in_scale/rolled-in_scale_216.jpg,rolled-in_scale,train
data/raw/pitted_surface/pitted_surface_14.jpg,pitted_surface,train
data/raw/rolled-in_scale/rolled-in_scale_72.jpg,rolled-in_scale,train
data/raw/rolled-in_scale/rolled-in_scale_113.jpg,rolled-in_scale,train
data/raw/inclusion/inclusion_204.jpg,inclusion,train
data/raw/patches/patches_90.jpg,patches,train
data/raw/pitted_surface/pitted_surface_125.jpg,pitted_surface,train
data/raw/rolled-in_scale/rolled-in_scale_40.jpg,rolled-in_scale,train
data/raw/patches/patches_184.jpg,patches,train
data/raw/rolled-in_scale/rolled-in_scale_55.jpg,rolled-in_scale,train
data/raw/pitted_surface/pitted_surface_269.jpg,pitted_surface,train
data/raw/inclusion/inclusion_246.jpg,inclusion,train
data/raw/pitted_surface/pitted_surface_49.jpg,pitted_surface,train
data/raw/inclusion/inclusion_281.jpg,inclusion,train
data/raw/patches/patches_106.jpg,patches,train
data/raw/patches/patches_153.jpg,patches,train
data/raw/crazing/crazing_173.jpg,crazing,train
data/raw/patches/patches_173.jpg,patches,train
data/raw/pitted_surface/pitted_surface_71.jpg,pitted_surface,train
data/raw/patches/patches_70.jpg,patches,train
data/raw/crazing/crazing_176.jpg,crazing,train
data/raw/scratches/scratches_3.jpg,scratches,train
data/raw/inclusion/inclusion_77.jpg,inclusion,train
data/raw/pitted_surface/pitted_surface_35.jpg,pitted_surface,train
data/raw/scratches/scratches_71.jpg,scratches,train
data/raw/patches/patches_42.jpg,patches,train
data/raw/scratches/scratches_51.jpg,scratches,train
data/raw/pitted_surface/pitted_surface_190.jpg,pitted_surface,train
data/raw/pitted_surface/pitted_surface_80.jpg,pitted_surface,train
data/raw/pitted_surface/pitted_surface_17.jpg,pitted_surface,train
data/raw/inclusion/inclusion_231.jpg,inclusion,train
data/raw/rolled-in_scale/rolled-in_scale_275.jpg,rolled-in_scale,train
data/raw/patches/patches_215.jpg,patches,train
data/raw/patches/patches_158.jpg,patches,train
data/raw/scratches/scratches_105.jpg,scratches,train
data/raw/patches/patches_127.jpg,patches,train
data/raw/scratches/scratches_169.jpg,scratches,train
data/raw/patches/patches_134.jpg,patches,train
data/raw/pitted_surface/pitted_surface_118.jpg,pitted_surface,train
data/raw/rolled-in_scale/rolled-in_scale_239.jpg,rolled-in_scale,train
data/raw/crazing/crazing_63.jpg,crazing,train
data/raw/rolled-in_scale/rolled-in_scale_250.jpg,rolled-in_scale,train
data/raw/crazing/crazing_209.jpg,crazing,train
data/raw/crazing/crazing_85.jpg,crazing,train
data/raw/crazing/crazing_121.jpg,crazing,train
data/raw/patches/patches_175.jpg,patches,train
data/raw/patches/patches_253.jpg,patches,train
data/raw/pitted_surface/pitted_surface_266.jpg,pitted_surface,train
data/raw/crazing/crazing_37.jpg,crazing,train
data/raw/patches/patches_129.jpg,patches,train
data/raw/scratches/scratches_40.jpg,scratches,train
data/raw/rolled-in_scale/rolled-in_scale_252.jpg,rolled-in_scale,train
data/raw/crazing/crazing_241.jpg,crazing,train
data/raw/crazing/crazing_2.jpg,crazing,train
data/raw/pitted_surface/pitted_surface_95.jpg,pitted_surface,train
data/raw/scratches/scratches_94.jpg,scratches,train
data/raw/patches/patches_144.jpg,patches,train
data/raw/pitted_surface/pitted_surface_7.jpg,pitted_surface,train
data/raw/scratches/scratches_224.jpg,scratches,train
data/raw/pitted_surface/pitted_surface_200.jpg,pitted_surface,train
data/raw/inclusion/inclusion_1.jpg,inclusion,train
data/raw/crazing/crazing_257.jpg,crazing,train
data/raw/rolled-in_scale/rolled-in_scale_232.jpg,rolled-in_scale,train
data/raw/patches/patches_212.jpg,patches,train
data/raw/crazing/crazing_137.jpg,crazing,train
data/raw/rolled-in_scale/rolled-in_scale_22.jpg,rolled-in_scale,train
data/raw/inclusion/inclusion_169.jpg,inclusion,train
data/raw/pitted_surface/pitted_surface_270.jpg,pitted_surface,train
data/raw/inclusion/inclusion_125.jpg,inclusion,train
data/raw/crazing/crazing_92.jpg,crazing,train
data/raw/rolled-in_scale/rolled-in_scale_100.jpg,rolled-in_scale,train
data/raw/scratches/scratches_261.jpg,scratches,train
data/raw/rolled-in_scale/rolled-in_scale_256.jpg,rolled-in_scale,train
data/raw/scratches/scratches_164.jpg,scratches,train
data/raw/patches/patches_191.jpg,patches,train
data/raw/inclusion/inclusion_293.jpg,inclusion,train
data/raw/scratches/scratches_245.jpg,scratches,train
data/raw/inclusion/inclusion_185.jpg,inclusion,train
data/raw/crazing/crazing_287.jpg,crazing,train
data/raw/inclusion/inclusion_119.jpg,inclusion,train
data/raw/scratches/scratches_77.jpg,scratches,train
data/raw/pitted_surface/pitted_surface_220.jpg,pitted_surface,train
data/raw/scratches/scratches_243.jpg,scratches,train
data/raw/patches/patches_196.jpg,patches,train
data/raw/crazing/crazing_210.jpg,crazing,train
data/raw/crazing/crazing_206.jpg,crazing,train
data/raw/rolled-in_scale/rolled-in_scale_111.jpg,rolled-in_scale,train
data/raw/inclusion/inclusion_16.jpg,inclusion,train
data/raw/scratches/scratches_265.jpg,scratches,train
data/raw/rolled-in_scale/rolled-in_scale_89.jpg,rolled-in_scale,train
data/raw/inclusion/inclusion_108.jpg,inclusion,train
data/raw/scratches/scratches_52.jpg,scratches,train
data/raw/rolled-in_scale/rolled-in_scale_286.jpg,rolled-in_scale,train
data/raw/patches/patches_101.jpg,patches,train
data/raw/scratches/scratches_247.jpg,scratches,train
data/raw/scratches/scratches_192.jpg,scratches,train
data/raw/crazing/crazing_140.jpg,crazing,train
data/raw/patches/patches_198.jpg,patches,train
data/raw/crazing/crazing_115.jpg,crazing,train
data/raw/inclusion/inclusion_256.jpg,inclusion,train
data/raw/inclusion/inclusion_36.jpg,inclusion,train
data/raw/scratches/scratches_78.jpg,scratches,train
data/raw/inclusion/inclusion_107.jpg,inclusion,train
data/raw/scratches/scratches_148.jpg,scratches,train
data/raw/crazing/crazing_108.jpg,crazing,train
data/raw/pitted_surface/pitted_surface_72.jpg,pitted_surface,train
data/raw/scratches/scratches_173.jpg,scratches,train
data/raw/rolled-in_scale/rolled-in_scale_107.jpg,rolled-in_scale,train
data/raw/scratches/scratches_37.jpg,scratches,train
data/raw/pitted_surface/pitted_surface_143.jpg,pitted_surface,train
data/raw/pitted_surface/pitted_surface_68.jpg,pitted_surface,train
data/raw/scratches/scratches_249.jpg,scratches,train
data/raw/crazing/crazing_31.jpg,crazing,train
data/raw/crazing/crazing_207.jpg,crazing,train
data/raw/pitted_surface/pitted_surface_170.jpg,pitted_surface,train
data/raw/scratches/scratches_137.jpg,scratches,train
data/raw/scratches/scratches_33.jpg,scratches,train
data/raw/pitted_surface/pitted_surface_109.jpg,pitted_surface,train
data/raw/scratches/scratches_244.jpg,scratches,train
data/raw/patches/patches_113.jpg,patches,train
data/raw/scratches/scratches_53.jpg,scratches,train
data/raw/patches/patches_285.jpg,patches,train
data/raw/inclusion/inclusion_141.jpg,inclusion,train
data/raw/rolled-in_scale/rolled-in_scale_117.jpg,rolled-in_scale,train
data/raw/rolled-in_scale/rolled-in_scale_300.jpg,rolled-in_scale,train
data/raw/scratches/scratches_146.jpg,scratches,train
data/raw/pitted_surface/pitted_surface_59.jpg,pitted_surface,train
data/raw/pitted_surface/pitted_surface_158.jpg,pitted_surface,train
data/raw/patches/patches_263.jpg,patches,train
data/raw/crazing/crazing_202.jpg,crazing,train
data/raw/pitted_surface/pitted_surface_299.jpg,pitted_surface,train
data/raw/inclusion/inclusion_41.jpg,inclusion,train
data/raw/rolled-in_scale/rolled-in_scale_126.jpg,rolled-in_scale,train
data/raw/crazing/crazing_261.jpg,crazing,train
data/raw/pitted_surface/pitted_surface_180.jpg,pitted_surface,train
data/raw/pitted_surface/pitted_surface_256.jpg,pitted_surface,train
data/raw/pitted_surface/pitted_surface_263.jpg,pitted_surface,train
data/raw/inclusion/inclusion_66.jpg,inclusion,train
data/raw/crazing/crazing_25.jpg,crazing,train
data/raw/crazing/crazing_230.jpg,crazing,train
data/raw/pitted_surface/pitted_surface_26.jpg,pitted_surface,train
data/raw/inclusion/inclusion_34.jpg,inclusion,train
data/raw/scratches/scratches_268.jpg,scratches,train
data/raw/patches/patches_205.jpg,patches,train
data/raw/inclusion/inclusion_183.jpg,inclusion,train
data/raw/scratches/scratches_202.jpg,scratches,train
data/raw/scratches/scratches_9.jpg,scratches,train
data/raw/scratches/scratches_58.jpg,scratches,train
data/raw/scratches/scratches_1.jpg,scratches,train
data/raw/inclusion/inclusion_237.jpg,inclusion,train
data/raw/patches/patches_252.jpg,patches,train
data/raw/inclusion/inclusion_91.jpg,inclusion,train
data/raw/rolled-in_scale/rolled-in_scale_112.jpg,rolled-in_scale,train
data/raw/crazing/crazing_87.jpg,crazing,train
data/raw/pitted_surface/pitted_surface_165.jpg,pitted_surface,train
data/raw/rolled-in_scale/rolled-in_scale_165.jpg,rolled-in_scale,train
data/raw/inclusion/inclusion_239.jpg,inclusion,train
data/raw/crazing/crazing_150.jpg,crazing,train
data/raw/pitted_surface/pitted_surface_175.jpg,pitted_surface,train
data/raw/patches/patches_201.jpg,patches,train
data/raw/patches/patches_207.jpg,patches,train
data/raw/pitted_surface/pitted_surface_127.jpg,pitted_surface,train
data/raw/inclusion/inclusion_205.jpg,inclusion,train
data/raw/crazing/crazing_170.jpg,crazing,train
data/raw/rolled-in_scale/rolled-in_scale_14.jpg,rolled-in_scale,train
data/raw/rolled-in_scale/rolled-in_scale_220.jpg,rolled-in_scale,train
data/raw/rolled-in_scale/rolled-in_scale_282.jpg,rolled-in_scale,train
data/raw/rolled-in_scale/rolled-in_scale_290.jpg,rolled-in_scale,train
data/raw/rolled-in_scale/rolled-in_scale_278.jpg,rolled-in_scale,train
data/raw/rolled-in_scale/rolled-in_scale_82.jpg,rolled-in_scale,train
data/raw/scratches/scratches_215.jpg,scratches,train
data/raw/crazing/crazing_161.jpg,crazing,train
data/raw/inclusion/inclusion_87.jpg,inclusion,train
data/raw/pitted_surface/pitted_surface_62.jpg,pitted_surface,train
data/raw/scratches/scratches_183.jpg,scratches,train
data/raw/patches/patches_295.jpg,patches,train
data/raw/pitted_surface/pitted_surface_237.jpg,pitted_surface,train
data/raw/rolled-in_scale/rolled-in_scale_297.jpg,rolled-in_scale,train
data/raw/crazing/crazing_259.jpg,crazing,train
data/raw/pitted_surface/pitted_surface_185.jpg,pitted_surface,train
data/raw/pitted_surface/pitted_surface_135.jpg,pitted_surface,train
data/raw/patches/patches_287.jpg,patches,train
data/raw/pitted_surface/pitted_surface_23.jpg,pitted_surface,train
data/raw/rolled-in_scale/rolled-in_scale_33.jpg,rolled-in_scale,train
data/raw/rolled-in_scale/rolled-in_scale_128.jpg,rolled-in_scale,train
data/raw/inclusion/inclusion_194.jpg,inclusion,train
data/raw/crazing/crazing_232.jpg,crazing,train
data/raw/patches/patches_244.jpg,patches,train
data/raw/scratches/scratches_291.jpg,scratches,train
data/raw/patches/patches_53.jpg,patches,train
data/raw/patches/patches_31.jpg,patches,train
data/raw/patches/patches_58.jpg,patches,train
data/raw/pitted_surface/pitted_surface_70.jpg,pitted_surface,train
data/raw/pitted_surface/pitted_surface_198.jpg,pitted_surface,train
data/raw/patches/patches_237.jpg,patches,train
data/raw/pitted_surface/pitted_surface_216.jpg,pitted_surface,train
data/raw/rolled-in_scale/rolled-in_scale_133.jpg,rolled-in_scale,train
data/raw/inclusion/inclusion_124.jpg,inclusion,train
data/raw/scratches/scratches_7.jpg,scratches,train
data/raw/scratches/scratches_60.jpg,scratches,train
data/raw/pitted_surface/pitted_surface_159.jpg,pitted_surface,train
data/raw/pitted_surface/pitted_surface_210.jpg,pitted_surface,train
data/raw/inclusion/inclusion_272.jpg,inclusion,train
data/raw/rolled-in_scale/rolled-in_scale_251.jpg,rolled-in_scale,train
data/raw/patches/patches_3.jpg,patches,train
data/raw/pitted_surface/pitted_surface_4.jpg,pitted_surface,train
data/raw/inclusion/inclusion_74.jpg,inclusion,train
data/raw/crazing/crazing_52.jpg,crazing,train
data/raw/scratches/scratches_108.jpg,scratches,train
data/raw/inclusion/inclusion_93.jpg,inclusion,train
data/raw/crazing/crazing_201.jpg,crazing,train
data/raw/patches/patches_36.jpg,patches,train
data/raw/pitted_surface/pitted_surface_171.jpg,pitted_surface,train
data/raw/rolled-in_scale/rolled-in_scale_84.jpg,rolled-in_scale,train
data/raw/crazing/crazing_275.jpg,crazing,train
data/raw/rolled-in_scale/rolled-in_scale_222.jpg,rolled-in_scale,train
data/raw/scratches/scratches_178.jpg,scratches,train
data/raw/rolled-in_scale/rolled-in_scale_238.jpg,rolled-in_scale,train
data/raw/pitted_surface/pitted_surface_172.jpg,pitted_surface,train
data/raw/inclusion/inclusion_177.jpg,inclusion,train
data/raw/inclusion/inclusion_64.jpg,inclusion,train
data/raw/crazing/crazing_71.jpg,crazing,train
data/raw/scratches/scratches_13.jpg,scratches,train
data/raw/patches/patches_189.jpg,patches,train
data/raw/patches/patches_7.jpg,patches,train
data/raw/scratches/scratches_260.jpg,scratches,train
data/raw/inclusion/inclusion_269.jpg,inclusion,train
data/raw/crazing/crazing_57.jpg,crazing,train
data/raw/inclusion/inclusion_23.jpg,inclusion,train
data/raw/pitted_surface/pitted_surface_114.jpg,pitted_surface,train
data/raw/inclusion/inclusion_88.jpg,inclusion,train
data/raw/patches/patches_298.jpg,patches,train
data/raw/scratches/scratches_20.jpg,scratches,train
data/raw/pitted_surface/pitted_surface_129.jpg,pitted_surface,train
data/raw/rolled-in_scale/rolled-in_scale_264.jpg,rolled-in_scale,train
data/raw/scratches/scratches_117.jpg,scratches,train
data/raw/scratches/scratches_231.jpg,scratches,train
data/raw/patches/patches_202.jpg,patches,train
data/raw/crazing/crazing_7.jpg,crazing,train
data/raw/scratches/scratches_190.jpg,scratches,train
data/raw/crazing/crazing_277.jpg,crazing,train
data/raw/rolled-in_scale/rolled-in_scale_215.jpg,rolled-in_scale,train
data/raw/pitted_surface/pitted_surface_199.jpg,pitted_surface,train
data/raw/inclusion/inclusion_80.jpg,inclusion,train
data/raw/rolled-in_scale/rolled-in_scale_98.jpg,rolled-in_scale,train
data/raw/patches/patches_51.jpg,patches,train
data/raw/rolled-in_scale/rolled-in_scale_170.jpg,rolled-in_scale,train
data/raw/scratches/scratches_196.jpg,scratches,train
data/raw/scratches/scratches_75.jpg,scratches,train
data/raw/patches/patches_102.jpg,patches,train
data/raw/crazing/crazing_50.jpg,crazing,train
data/raw/inclusion/inclusion_285.jpg,inclusion,train
data/raw/crazing/crazing_124.jpg,crazing,train
data/raw/pitted_surface/pitted_surface_138.jpg,pitted_surface,train
data/raw/scratches/scratches_256.jpg,scratches,train
data/raw/rolled-in_scale/rolled-in_scale_96.jpg,rolled-in_scale,train
data/raw/patches/patches_89.jpg,patches,train
data/raw/inclusion/inclusion_71.jpg,inclusion,train
data/raw/patches/patches_183.jpg,patches,train
data/raw/rolled-in_scale/rolled-in_scale_140.jpg,rolled-in_scale,train
data/raw/crazing/crazing_250.jpg,crazing,train
data/raw/scratches/scratches_204.jpg,scratches,train
data/raw/rolled-in_scale/rolled-in_scale_85.jpg,rolled-in_scale,train
data/raw/patches/patches_146.jpg,patches,train
data/raw/inclusion/inclusion_219.jpg,inclusion,train
data/raw/patches/patches_172.jpg,patches,train
data/raw/rolled-in_scale/rolled-in_scale_109.jpg,rolled-in_scale,train
data/raw/inclusion/inclusion_33.jpg,inclusion,train
data/raw/rolled-in_scale/rolled-in_scale_139.jpg,rolled-in_scale,train
data/raw/inclusion/inclusion_220.jpg,inclusion,train
data/raw/patches/patches_114.jpg,patches,train
data/raw/inclusion/inclusion_106.jpg,inclusion,train
data/raw/crazing/crazing_126.jpg,crazing,train
data/raw/crazing/crazing_95.jpg,crazing,train
data/raw/rolled-in_scale/rolled-in_scale_267.jpg,rolled-in_scale,train
data/raw/pitted_surface/pitted_surface_193.jpg,pitted_surface,train
data/raw/crazing/crazing_84.jpg,crazing,train
data/raw/scratches/scratches_290.jpg,scratches,train
data/raw/inclusion/inclusion_207.jpg,inclusion,train
data/raw/patches/patches_22.jpg,patches,train
data/raw/scratches/scratches_285.jpg,scratches,train
data/raw/inclusion/inclusion_214.jpg,inclusion,train
data/raw/inclusion/inclusion_165.jpg,inclusion,train
data/raw/scratches/scratches_57.jpg,scratches,train
data/raw/rolled-in_scale/rolled-in_scale_235.jpg,rolled-in_scale,train
data/raw/pitted_surface/pitted_surface_110.jpg,pitted_surface,train
data/raw/inclusion/inclusion_117.jpg,inclusion,train
data/raw/inclusion/inclusion_211.jpg,inclusion,train
data/raw/crazing/crazing_69.jpg,crazing,train
data/raw/inclusion/inclusion_174.jpg,inclusion,train
data/raw/patches/patches_224.jpg,patches,train
data/raw/rolled-in_scale/rolled-in_scale_228.jpg,rolled-in_scale,train
data/raw/patches/patches_99.jpg,patches,train
data/raw/pitted_surface/pitted_surface_195.jpg,pitted_surface,train
data/raw/crazing/crazing_16.jpg,crazing,train
data/raw/pitted_surface/pitted_surface_238.jpg,pitted_surface,train
data/raw/rolled-in_scale/rolled-in_scale_132.jpg,rolled-in_scale,train
data/raw/rolled-in_scale/rolled-in_scale_32.jpg,rolled-in_scale,train
data/raw/crazing/crazing_17.jpg,crazing,train
data/raw/patches/patches_291.jpg,patches,train
data/raw/pitted_surface/pitted_surface_286.jpg,pitted_surface,train
data/raw/crazing/crazing_62.jpg,crazing,train
data/raw/scratches/scratches_73.jpg,scratches,train
data/raw/inclusion/inclusion_193.jpg,inclusion,train
data/raw/rolled-in_scale/rolled-in_scale_141.jpg,rolled-in_scale,train
data/raw/inclusion/inclusion_180.jpg,inclusion,train
data/raw/patches/patches_35.jpg,patches,train
data/raw/rolled-in_scale/rolled-in_scale_21.jpg,rolled-in_scale,train
data/raw/scratches/scratches_262.jpg,scratches,train
data/raw/inclusion/inclusion_69.jpg,inclusion,train
data/raw/patches/patches_151.jpg,patches,train
data/raw/rolled-in_scale/rolled-in_scale_217.jpg,rolled-in_scale,train
data/raw/crazing/crazing_196.jpg,crazing,train
data/raw/rolled-in_scale/rolled-in_scale_241.jpg,rolled-in_scale,train
data/raw/patches/patches_33.jpg,patches,train
data/raw/pitted_surface/pitted_surface_181.jpg,pitted_surface,train
data/raw/patches/patches_206.jpg,patches,train
data/raw/pitted_surface/pitted_surface_32.jpg,pitted_surface,train
data/raw/inclusion/inclusion_148.jpg,inclusion,train
data/raw/crazing/crazing_54.jpg,crazing,train
data/raw/rolled-in_scale/rolled-in_scale_163.jpg,rolled-in_scale,train
data/raw/crazing/crazing_278.jpg,crazing,train
data/raw/rolled-in_scale/rolled-in_scale_209.jpg,rolled-in_scale,train
data/raw/rolled-in_scale/rolled-in_scale_158.jpg,rolled-in_scale,train
data/raw/inclusion/inclusion_128.jpg,inclusion,train
data/raw/crazing/crazing_160.jpg,crazing,train
data/raw/patches/patches_63.jpg,patches,train
data/raw/crazing/crazing_293.jpg,crazing,train
data/raw/pitted_surface/pitted_surface_265.jpg,pitted_surface,train
data/raw/rolled-in_scale/rolled-in_scale_227.jpg,rolled-in_scale,train
data/raw/scratches/scratches_237.jpg,scratches,train
data/raw/rolled-in_scale/rolled-in_scale_35.jpg,rolled-in_scale,train
data/raw/inclusion/inclusion_79.jpg,inclusion,train
data/raw/patches/patches_289.jpg,patches,train
data/raw/pitted_surface/pitted_surface_283.jpg,pitted_surface,train
data/raw/rolled-in_scale/rolled-in_scale_218.jpg,rolled-in_scale,train
data/raw/inclusion/inclusion_171.jpg,inclusion,train
data/raw/inclusion/inclusion_156.jpg,inclusion,train
data/raw/pitted_surface/pitted_surface_10.jpg,pitted_surface,train
data/raw/inclusion/inclusion_263.jpg,inclusion,train
data/raw/pitted_surface/pitted_surface_28.jpg,pitted_surface,train
data/raw/pitted_surface/pitted_surface_21.jpg,pitted_surface,train
data/raw/scratches/scratches_297.jpg,scratches,train
data/raw/crazing/crazing_254.jpg,crazing,train
data/raw/rolled-in_scale/rolled-in_scale_11.jpg,rolled-in_scale,train
data/raw/crazing/crazing_205.jpg,crazing,train
data/raw/rolled-in_scale/rolled-in_scale_25.jpg,rolled-in_scale,train
data/raw/rolled-in_scale/rolled-in_scale_38.jpg,rolled-in_scale,train
data/raw/rolled-in_scale/rolled-in_scale_138.jpg,rolled-in_scale,train
data/raw/rolled-in_scale/rolled-in_scale_225.jpg,rolled-in_scale,train
data/raw/crazing/crazing_14.jpg,crazing,train
data/raw/rolled-in_scale/rolled-in_scale_168.jpg,rolled-in_scale,train
data/raw/pitted_surface/pitted_surface_40.jpg,pitted_surface,train
data/raw/scratches/scratches_156.jpg,scratches,train
data/raw/patches/patches_120.jpg,patches,train
data/raw/rolled-in_scale/rolled-in_scale_93.jpg,rolled-in_scale,train
data/raw/inclusion/inclusion_99.jpg,inclusion,train
data/raw/crazing/crazing_200.jpg,crazing,train
data/raw/rolled-in_scale/rolled-in_scale_57.jpg,rolled-in_scale,train
data/raw/crazing/crazing_223.jpg,crazing,train
data/raw/scratches/scratches_150.jpg,scratches,train
data/raw/patches/patches_222.jpg,patches,train
data/raw/crazing/crazing_276.jpg,crazing,train
data/raw/inclusion/inclusion_221.jpg,inclusion,train
data/raw/inclusion/inclusion_199.jpg,inclusion,train
data/raw/crazing/crazing_218.jpg,crazing,train
data/raw/scratches/scratches_177.jpg,scratches,train
data/raw/pitted_surface/pitted_surface_15.jpg,pitted_surface,train
data/raw/patches/patches_17.jpg,patches,train
data/raw/inclusion/inclusion_198.jpg,inclusion,train
data/raw/scratches/scratches_278.jpg,scratches,train
data/raw/pitted_surface/pitted_surface_242.jpg,pitted_surface,train
data/raw/crazing/crazing_103.jpg,crazing,train
data/raw/pitted_surface/pitted_surface_230.jpg,pitted_surface,train
data/raw/inclusion/inclusion_4.jpg,inclusion,train
data/raw/patches/patches_296.jpg,patches,train
data/raw/rolled-in_scale/rolled-in_scale_271.jpg,rolled-in_scale,train
data/raw/scratches/scratches_180.jpg,scratches,val
data/raw/rolled-in_scale/rolled-in_scale_262.jpg,rolled-in_scale,val
data/raw/patches/patches_77.jpg,patches,val
data/raw/patches/patches_110.jpg,patches,val
data/raw/patches/patches_150.jpg,patches,val
data/raw/inclusion/inclusion_114.jpg,inclusion,val
data/raw/rolled-in_scale/rolled-in_scale_124.jpg,rolled-in_scale,val
data/raw/rolled-in_scale/rolled-in_scale_130.jpg,rolled-in_scale,val
data/raw/pitted_surface/pitted_surface_268.jpg,pitted_surface,val
data/raw/patches/patches_135.jpg,patches,val
data/raw/rolled-in_scale/rolled-in_scale_58.jpg,rolled-in_scale,val
data/raw/scratches/scratches_221.jpg,scratches,val
data/raw/scratches/scratches_257.jpg,scratches,val
data/raw/inclusion/inclusion_212.jpg,inclusion,val
data/raw/rolled-in_scale/rolled-in_scale_131.jpg,rolled-in_scale,val
data/raw/scratches/scratches_72.jpg,scratches,val
data/raw/scratches/scratches_140.jpg,scratches,val
data/raw/patches/patches_280.jpg,patches,val
data/raw/scratches/scratches_209.jpg,scratches,val
data/raw/crazing/crazing_163.jpg,crazing,val
data/raw/patches/patches_231.jpg,patches,val
data/raw/rolled-in_scale/rolled-in_scale_48.jpg,rolled-in_scale,val
data/raw/pitted_surface/pitted_surface_182.jpg,pitted_surface,val
data/raw/pitted_surface/pitted_surface_57.jpg,pitted_surface,val
data/raw/patches/patches_228.jpg,patches,val
data/raw/crazing/crazing_280.jpg,crazing,val
data/raw/scratches/scratches_292.jpg,scratches,val
data/raw/rolled-in_scale/rolled-in_scale_136.jpg,rolled-in_scale,val
data/raw/patches/patches_235.jpg,patches,val
data/raw/rolled-in_scale/rolled-in_scale_191.jpg,rolled-in_scale,val
data/raw/scratches/scratches_131.jpg,scratches,val
data/raw/rolled-in_scale/rolled-in_scale_230.jpg,rolled-in_scale,val
data/raw/scratches/scratches_16.jpg,scratches,val
data/raw/pitted_surface/pitted_surface_64.jpg,pitted_surface,val
data/raw/crazing/crazing_13.jpg,crazing,val
data/raw/crazing/crazing_21.jpg,crazing,val
data/raw/scratches/scratches_87.jpg,scratches,val
data/raw/crazing/crazing_143.jpg,crazing,val
data/raw/scratches/scratches_97.jpg,scratches,val
data/raw/patches/patches_109.jpg,patches,val
data/raw/patches/patches_241.jpg,patches,val
data/raw/patches/patches_29.jpg,patches,val
data/raw/scratches/scratches_195.jpg,scratches,val
data/raw/patches/patches_27.jpg,patches,val
data/raw/rolled-in_scale/rolled-in_scale_106.jpg,rolled-in_scale,val
data/raw/crazing/crazing_117.jpg,crazing,val
data/raw/rolled-in_scale/rolled-in_scale_39.jpg,rolled-in_scale,val
data/raw/patches/patches_95.jpg,patches,val
data/raw/crazing/crazing_189.jpg,crazing,val
data/raw/pitted_surface/pitted_surface_96.jpg,pitted_surface,val
data/raw/scratches/scratches_229.jpg,scratches,val
data/raw/rolled-in_scale/rolled-in_scale_159.jpg,rolled-in_scale,val
data/raw/crazing/crazing_106.jpg,crazing,val
data/raw/inclusion/inclusion_243.jpg,inclusion,val
data/raw/scratches/scratches_120.jpg,scratches,val
data/raw/inclusion/inclusion_233.jpg,inclusion,val
data/raw/pitted_surface/pitted_surface_74.jpg,pitted_surface,val
data/raw/scratches/scratches_276.jpg,scratches,val
data/raw/pitted_surface/pitted_surface_76.jpg,pitted_surface,val
data/raw/rolled-in_scale/rolled-in_scale_59.jpg,rolled-in_scale,val
data/raw/patches/patches_180.jpg,patches,val
data/raw/pitted_surface/pitted_surface_1.jpg,pitted_surface,val
data/raw/inclusion/inclusion_213.jpg,inclusion,val
data/raw/inclusion/inclusion_186.jpg,inclusion,val
data/raw/pitted_surface/pitted_surface_61.jpg,pitted_surface,val
data/raw/inclusion/inclusion_297.jpg,inclusion,val
data/raw/rolled-in_scale/rolled-in_scale_42.jpg,rolled-in_scale,val
data/raw/rolled-in_scale/rolled-in_scale_299.jpg,rolled-in_scale,val
data/raw/inclusion/inclusion_295.jpg,inclusion,val
data/raw/patches/patches_281.jpg,patches,val
data/raw/rolled-in_scale/rolled-in_scale_34.jpg,rolled-in_scale,val
data/raw/crazing/crazing_172.jpg,crazing,val
data/raw/crazing/crazing_251.jpg,crazing,val
data/raw/pitted_surface/pitted_surface_259.jpg,pitted_surface,val
data/raw/scratches/scratches_95.jpg,scratches,val
data/raw/crazing/crazing_298.jpg,crazing,val
data/raw/rolled-in_scale/rolled-in_scale_144.jpg,rolled-in_scale,val
data/raw/inclusion/inclusion_236.jpg,inclusion,val
data/raw/patches/patches_266.jpg,patches,val
data/raw/inclusion/inclusion_31.jpg,inclusion,val
data/raw/inclusion/inclusion_56.jpg,inclusion,val
data/raw/crazing/crazing_56.jpg,crazing,val
data/raw/scratches/scratches_47.jpg,scratches,val
data/raw/scratches/scratches_251.jpg,scratches,val
data/raw/crazing/crazing_249.jpg,crazing,val
data/raw/inclusion/inclusion_257.jpg,inclusion,val
data/raw/crazing/crazing_80.jpg,crazing,val
data/raw/scratches/scratches_116.jpg,scratches,val
data/raw/scratches/scratches_201.jpg,scratches,val
data/raw/scratches/scratches_70.jpg,scratches,val
data/raw/patches/patches_290.jpg,patches,val
data/raw/inclusion/inclusion_68.jpg,inclusion,val
data/raw/rolled-in_scale/rolled-in_scale_30.jpg,rolled-in_scale,val
data/raw/pitted_surface/pitted_surface_244.jpg,pitted_surface,val
data/raw/inclusion/inclusion_202.jpg,inclusion,val
data/raw/crazing/crazing_48.jpg,crazing,val
data/raw/scratches/scratches_21.jpg,scratches,val
data/raw/patches/patches_88.jpg,patches,val
data/raw/pitted_surface/pitted_surface_121.jpg,pitted_surface,val
data/raw/inclusion/inclusion_131.jpg,inclusion,val
data/raw/patches/patches_87.jpg,patches,val
data/raw/rolled-in_scale/rolled-in_scale_108.jpg,rolled-in_scale,val
data/raw/inclusion/inclusion_53.jpg,inclusion,val
data/raw/rolled-in_scale/rolled-in_scale_205.jpg,rolled-in_scale,val
data/raw/inclusion/inclusion_270.jpg,inclusion,val
data/raw/inclusion/inclusion_127.jpg,inclusion,val
data/raw/crazing/crazing_237.jpg,crazing,val
data/raw/inclusion/inclusion_113.jpg,inclusion,val
data/raw/crazing/crazing_144.jpg,crazing,val
data/raw/scratches/scratches_277.jpg,scratches,val
data/raw/patches/patches_86.jpg,patches,val
data/raw/crazing/crazing_290.jpg,crazing,val
data/raw/rolled-in_scale/rolled-in_scale_172.jpg,rolled-in_scale,val
data/raw/crazing/crazing_235.jpg,crazing,val
data/raw/rolled-in_scale/rolled-in_scale_292.jpg,rolled-in_scale,val
data/raw/rolled-in_scale/rolled-in_scale_151.jpg,rolled-in_scale,val
data/raw/patches/patches_78.jpg,patches,val
data/raw/crazing/crazing_60.jpg,crazing,val
data/raw/scratches/scratches_181.jpg,scratches,val
data/raw/crazing/crazing_75.jpg,crazing,val
data/raw/inclusion/inclusion_176.jpg,inclusion,val
data/raw/scratches/scratches_139.jpg,scratches,val
data/raw/pitted_surface/pitted_surface_226.jpg,pitted_surface,val
data/raw/scratches/scratches_170.jpg,scratches,val
data/raw/patches/patches_79.jpg,patches,val
data/raw/inclusion/inclusion_14.jpg,inclusion,val
data/raw/crazing/crazing_40.jpg,crazing,val
data/raw/patches/patches_271.jpg,patches,val
data/raw/crazing/crazing_171.jpg,crazing,val
data/raw/inclusion/inclusion_261.jpg,inclusion,val
data/raw/crazing/crazing_77.jpg,crazing,val
data/raw/patches/patches_220.jpg,patches,val
data/raw/crazing/crazing_118.jpg,crazing,val
data/raw/inclusion/inclusion_210.jpg,inclusion,val
data/raw/rolled-in_scale/rolled-in_scale_276.jpg,rolled-in_scale,val
data/raw/scratches/scratches_200.jpg,scratches,val
data/raw/rolled-in_scale/rolled-in_scale_110.jpg,rolled-in_scale,val
data/raw/crazing/crazing_148.jpg,crazing,val
data/raw/pitted_surface/pitted_surface_221.jpg,pitted_surface,val
data/raw/patches/patches_190.jpg,patches,val
data/raw/crazing/crazing_141.jpg,crazing,val
data/raw/rolled-in_scale/rolled-in_scale_23.jpg,rolled-in_scale,val
data/raw/crazing/crazing_147.jpg,crazing,val
data/raw/crazing/crazing_292.jpg,crazing,val
data/raw/pitted_surface/pitted_surface_86.jpg,pitted_surface,val
data/raw/inclusion/inclusion_42.jpg,inclusion,val
data/raw/rolled-in_scale/rolled-in_scale_274.jpg,rolled-in_scale,val
data/raw/pitted_surface/pitted_surface_18.jpg,pitted_surface,val
data/raw/pitted_surface/pitted_surface_142.jpg,pitted_surface,val
data/raw/crazing/crazing_199.jpg,crazing,val
data/raw/inclusion/inclusion_84.jpg,inclusion,val
data/raw/rolled-in_scale/rolled-in_scale_206.jpg,rolled-in_scale,val
data/raw/scratches/scratches_56.jpg,scratches,val
data/raw/crazing/crazing_219.jpg,crazing,val
data/raw/pitted_surface/pitted_surface_233.jpg,pitted_surface,val
data/raw/patches/patches_170.jpg,patches,val
data/raw/inclusion/inclusion_39.jpg,inclusion,val
data/raw/pitted_surface/pitted_surface_101.jpg,pitted_surface,val
data/raw/inclusion/inclusion_96.jpg,inclusion,val
data/raw/pitted_surface/pitted_surface_2.jpg,pitted_surface,val
data/raw/pitted_surface/pitted_surface_106.jpg,pitted_surface,val
data/raw/crazing/crazing_146.jpg,crazing,val
data/raw/rolled-in_scale/rolled-in_scale_171.jpg,rolled-in_scale,val
data/raw/patches/patches_279.jpg,patches,val
data/raw/scratches/scratches_63.jpg,scratches,val
data/raw/pitted_surface/pitted_surface_206.jpg,pitted_surface,val
data/raw/inclusion/inclusion_22.jpg,inclusion,val
data/raw/pitted_surface/pitted_surface_154.jpg,pitted_surface,val
data/raw/patches/patches_38.jpg,patches,val
data/raw/patches/patches_133.jpg,patches,val
data/raw/patches/patches_259.jpg,patches,val
data/raw/crazing/crazing_233.jpg,crazing,val
data/raw/scratches/scratches_283.jpg,scratches,val
data/raw/patches/patches_115.jpg,patches,val
data/raw/patches/patches_232.jpg,patches,val
data/raw/inclusion/inclusion_292.jpg,inclusion,val
data/raw/pitted_surface/pitted_surface_300.jpg,pitted_surface,val
data/raw/inclusion/inclusion_254.jpg,inclusion,val
data/raw/rolled-in_scale/rolled-in_scale_166.jpg,rolled-in_scale,val
data/raw/scratches/scratches_258.jpg,scratches,val
data/raw/pitted_surface/pitted_surface_78.jpg,pitted_surface,val
data/raw/patches/patches_140.jpg,patches,val
data/raw/scratches/scratches_149.jpg,scratches,val
data/raw/rolled-in_scale/rolled-in_scale_105.jpg,rolled-in_scale,val
data/raw/inclusion/inclusion_268.jpg,inclusion,val
data/raw/patches/patches_105.jpg,patches,val
data/raw/scratches/scratches_293.jpg,scratches,val
data/raw/rolled-in_scale/rolled-in_scale_197.jpg,rolled-in_scale,val
data/raw/patches/patches_270.jpg,patches,val
data/raw/rolled-in_scale/rolled-in_scale_45.jpg,rolled-in_scale,val
data/raw/scratches/scratches_91.jpg,scratches,val
data/raw/pitted_surface/pitted_surface_218.jpg,pitted_surface,val
data/raw/inclusion/inclusion_97.jpg,inclusion,val
data/raw/crazing/crazing_279.jpg,crazing,val
data/raw/patches/patches_229.jpg,patches,val
data/raw/crazing/crazing_181.jpg,crazing,val
data/raw/inclusion/inclusion_227.jpg,inclusion,val
data/raw/rolled-in_scale/rolled-in_scale_247.jpg,rolled-in_scale,val
data/raw/inclusion/inclusion_184.jpg,inclusion,val
data/raw/inclusion/inclusion_59.jpg,inclusion,val
data/raw/scratches/scratches_179.jpg,scratches,val
data/raw/pitted_surface/pitted_surface_204.jpg,pitted_surface,val
data/raw/scratches/scratches_274.jpg,scratches,val
data/raw/pitted_surface/pitted_surface_224.jpg,pitted_surface,val
data/raw/pitted_surface/pitted_surface_47.jpg,pitted_surface,val
data/raw/crazing/crazing_67.jpg,crazing,val
data/raw/crazing/crazing_244.jpg,crazing,val
data/raw/rolled-in_scale/rolled-in_scale_200.jpg,rolled-in_scale,val
data/raw/scratches/scratches_218.jpg,scratches,val
data/raw/crazing/crazing_284.jpg,crazing,val
data/raw/pitted_surface/pitted_surface_227.jpg,pitted_surface,val
data/raw/pitted_surface/pitted_surface_13.jpg,pitted_surface,val
data/raw/pitted_surface/pitted_surface_140.jpg,pitted_surface,val
data/raw/pitted_surface/pitted_surface_203.jpg,pitted_surface,val
data/raw/pitted_surface/pitted_surface_253.jpg,pitted_surface,val
data/raw/pitted_surface/pitted_surface_19.jpg,pitted_surface,val
data/raw/crazing/crazing_45.jpg,crazing,val
data/raw/pitted_surface/pitted_surface_51.jpg,pitted_surface,val
data/raw/scratches/scratches_25.jpg,scratches,val
data/raw/inclusion/inclusion_188.jpg,inclusion,val
data/raw/crazing/crazing_208.jpg,crazing,val
data/raw/scratches/scratches_61.jpg,scratches,val
data/raw/pitted_surface/pitted_surface_77.jpg,pitted_surface,val
data/raw/inclusion/inclusion_251.jpg,inclusion,val
data/raw/rolled-in_scale/rolled-in_scale_147.jpg,rolled-in_scale,val
data/raw/rolled-in_scale/rolled-in_scale_12.jpg,rolled-in_scale,val
data/raw/pitted_surface/pitted_surface_157.jpg,pitted_surface,val
data/raw/patches/patches_57.jpg,patches,val
data/raw/patches/patches_238.jpg,patches,val
data/raw/scratches/scratches_124.jpg,scratches,val
data/raw/pitted_surface/pitted_surface_29.jpg,pitted_surface,val
data/raw/pitted_surface/pitted_surface_116.jpg,pitted_surface,val
data/raw/rolled-in_scale/rolled-in_scale_243.jpg,rolled-in_scale,val
data/raw/crazing/crazing_94.jpg,crazing,val
data/raw/rolled-in_scale/rolled-in_scale_188.jpg,rolled-in_scale,val
data/raw/patches/patches_82.jpg,patches,val
data/raw/crazing/crazing_101.jpg,crazing,val
data/raw/inclusion/inclusion_130.jpg,inclusion,val
data/raw/scratches/scratches_66.jpg,scratches,val
data/raw/pitted_surface/pitted_surface_174.jpg,pitted_surface,val
data/raw/inclusion/inclusion_255.jpg,inclusion,val
data/raw/scratches/scratches_81.jpg,scratches,val
data/raw/rolled-in_scale/rolled-in_scale_169.jpg,rolled-in_scale,val
data/raw/patches/patches_28.jpg,patches,val
data/raw/rolled-in_scale/rolled-in_scale_134.jpg,rolled-in_scale,val
data/raw/crazing/crazing_10.jpg,crazing,val
data/raw/pitted_surface/pitted_surface_99.jpg,pitted_surface,val
data/raw/patches/patches_292.jpg,patches,val
data/raw/inclusion/inclusion_133.jpg,inclusion,val
data/raw/patches/patches_262.jpg,patches,val
data/raw/pitted_surface/pitted_surface_90.jpg,pitted_surface,val
data/raw/patches/patches_211.jpg,patches,val
data/raw/scratches/scratches_187.jpg,scratches,val
data/raw/inclusion/inclusion_3.jpg,inclusion,val
data/raw/inclusion/inclusion_298.jpg,inclusion,val
data/raw/patches/patches_32.jpg,patches,val
data/raw/rolled-in_scale/rolled-in_scale_118.jpg,rolled-in_scale,val
data/raw/rolled-in_scale/rolled-in_scale_161.jpg,rolled-in_scale,val
data/raw/inclusion/inclusion_158.jpg,inclusion,val
data/raw/scratches/scratches_32.jpg,scratches,val
data/raw/patches/patches_181.jpg,patches,val
data/raw/pitted_surface/pitted_surface_89.jpg,pitted_surface,val
data/raw/crazing/crazing_91.jpg,crazing,val
data/raw/rolled-in_scale/rolled-in_scale_88.jpg,rolled-in_scale,val
data/raw/scratches/scratches_153.jpg,scratches,val
data/raw/inclusion/inclusion_15.jpg,inclusion,val
data/raw/inclusion/inclusion_226.jpg,inclusion,val
data/raw/rolled-in_scale/rolled-in_scale_178.jpg,rolled-in_scale,val
data/raw/crazing/crazing_184.jpg,crazing,val
data/raw/patches/patches_66.jpg,patches,test
data/raw/inclusion/inclusion_201.jpg,inclusion,test
data/raw/pitted_surface/pitted_surface_91.jpg,pitted_surface,test
data/raw/scratches/scratches_141.jpg,scratches,test
data/raw/rolled-in_scale/rolled-in_scale_28.jpg,rolled-in_scale,test
data/raw/inclusion/inclusion_234.jpg,inclusion,test
data/raw/rolled-in_scale/rolled-in_scale_248.jpg,rolled-in_scale,test
data/raw/patches/patches_18.jpg,patches,test
data/raw/patches/patches_225.jpg,patches,test
data/raw/scratches/scratches_242.jpg,scratches,test
data/raw/scratches/scratches_23.jpg,scratches,test
data/raw/patches/patches_297.jpg,patches,test
data/raw/pitted_surface/pitted_surface_167.jpg,pitted_surface,test
data/raw/patches/patches_30.jpg,patches,test
data/raw/crazing/crazing_33.jpg,crazing,test
data/raw/rolled-in_scale/rolled-in_scale_196.jpg,rolled-in_scale,test
data/raw/patches/patches_283.jpg,patches,test
data/raw/rolled-in_scale/rolled-in_scale_268.jpg,rolled-in_scale,test
data/raw/pitted_surface/pitted_surface_130.jpg,pitted_surface,test
data/raw/rolled-in_scale/rolled-in_scale_104.jpg,rolled-in_scale,test
data/raw/scratches/scratches_36.jpg,scratches,test
data/raw/inclusion/inclusion_82.jpg,inclusion,test
data/raw/pitted_surface/pitted_surface_235.jpg,pitted_surface,test
data/raw/inclusion/inclusion_192.jpg,inclusion,test
data/raw/scratches/scratches_128.jpg,scratches,test
data/raw/inclusion/inclusion_147.jpg,inclusion,test
data/raw/inclusion/inclusion_142.jpg,inclusion,test
data/raw/crazing/crazing_295.jpg,crazing,test
data/raw/inclusion/inclusion_86.jpg,inclusion,test
data/raw/pitted_surface/pitted_surface_222.jpg,pitted_surface,test
data/raw/crazing/crazing_214.jpg,crazing,test
data/raw/pitted_surface/pitted_surface_234.jpg,pitted_surface,test
data/raw/patches/patches_100.jpg,patches,test
data/raw/scratches/scratches_100.jpg,scratches,test
data/raw/crazing/crazing_243.jpg,crazing,test
data/raw/inclusion/inclusion_181.jpg,inclusion,test
data/raw/scratches/scratches_43.jpg,scratches,test
data/raw/rolled-in_scale/rolled-in_scale_50.jpg,rolled-in_scale,test
data/raw/rolled-in_scale/rolled-in_scale_266.jpg,rolled-in_scale,test
data/raw/crazing/crazing_111.jpg,crazing,test
data/raw/patches/patches_203.jpg,patches,test
data/raw/patches/patches_230.jpg,patches,test
data/raw/patches/patches_112.jpg,patches,test
data/raw/pitted_surface/pitted_surface_169.jpg,pitted_surface,test
data/raw/inclusion/inclusion_122.jpg,inclusion,test
data/raw/patches/patches_208.jpg,patches,test
data/raw/patches/patches_80.jpg,patches,test
data/raw/rolled-in_scale/rolled-in_scale_66.jpg,rolled-in_scale,test
data/raw/pitted_surface/pitted_surface_184.jpg,pitted_surface,test
data/raw/patches/patches_204.jpg,patches,test
data/raw/inclusion/inclusion_240.jpg,inclusion,test
data/raw/patches/patches_246.jpg,patches,test
data/raw/pitted_surface/pitted_surface_41.jpg,pitted_surface,test
data/raw/patches/patches_239.jpg,patches,test
data/raw/pitted_surface/pitted_surface_166.jpg,pitted_surface,test
data/raw/scratches/scratches_30.jpg,scratches,test
data/raw/crazing/crazing_98.jpg,crazing,test
data/raw/inclusion/inclusion_13.jpg,inclusion,test
data/raw/rolled-in_scale/rolled-in_scale_213.jpg,rolled-in_scale,test
data/raw/rolled-in_scale/rolled-in_scale_52.jpg,rolled-in_scale,test
data/raw/pitted_surface/pitted_surface_292.jpg,pitted_surface,test
data/raw/scratches/scratches_182.jpg,scratches,test
data/raw/scratches/scratches_106.jpg,scratches,test
data/raw/rolled-in_scale/rolled-in_scale_175.jpg,rolled-in_scale,test
data/raw/scratches/scratches_18.jpg,scratches,test
data/raw/pitted_surface/pitted_surface_34.jpg,pitted_surface,test
data/raw/patches/patches_249.jpg,patches,test
data/raw/rolled-in_scale/rolled-in_scale_53.jpg,rolled-in_scale,test
data/raw/rolled-in_scale/rolled-in_scale_31.jpg,rolled-in_scale,test
data/raw/patches/patches_13.jpg,patches,test
data/raw/pitted_surface/pitted_surface_103.jpg,pitted_surface,test
data/raw/crazing/crazing_192.jpg,crazing,test
data/raw/inclusion/inclusion_89.jpg,inclusion,test
data/raw/rolled-in_scale/rolled-in_scale_176.jpg,rolled-in_scale,test
data/raw/scratches/scratches_64.jpg,scratches,test
data/raw/inclusion/inclusion_101.jpg,inclusion,test
data/raw/inclusion/inclusion_83.jpg,inclusion,test
data/raw/scratches/scratches_193.jpg,scratches,test
data/raw/scratches/scratches_31.jpg,scratches,test
data/raw/patches/patches_219.jpg,patches,test
data/raw/rolled-in_scale/rolled-in_scale_135.jpg,rolled-in_scale,test
data/raw/patches/patches_55.jpg,patches,test
data/raw/pitted_surface/pitted_surface_161.jpg,pitted_surface,test
data/raw/inclusion/inclusion_78.jpg,inclusion,test
data/raw/rolled-in_scale/rolled-in_scale_101.jpg,rolled-in_scale,test
data/raw/scratches/scratches_99.jpg,scratches,test
data/raw/patches/patches_165.jpg,patches,test
data/raw/rolled-in_scale/rolled-in_scale_116.jpg,rolled-in_scale,test
data/raw/rolled-in_scale/rolled-in_scale_120.jpg,rolled-in_scale,test
data/raw/inclusion/inclusion_121.jpg,inclusion,test
data/raw/pitted_surface/pitted_surface_107.jpg,pitted_surface,test
data/raw/inclusion/inclusion_144.jpg,inclusion,test
data/raw/inclusion/inclusion_75.jpg,inclusion,test
data/raw/crazing/crazing_179.jpg,crazing,test
data/raw/patches/patches_24.jpg,patches,test
data/raw/crazing/crazing_217.jpg,crazing,test
data/raw/rolled-in_scale/rolled-in_scale_237.jpg,rolled-in_scale,test
data/raw/pitted_surface/pitted_surface_183.jpg,pitted_surface,test
data/raw/crazing/crazing_256.jpg,crazing,test
data/raw/rolled-in_scale/rolled-in_scale_3.jpg,rolled-in_scale,test
data/raw/scratches/scratches_250.jpg,scratches,test
data/raw/pitted_surface/pitted_surface_20.jpg,pitted_surface,test
data/raw/scratches/scratches_96.jpg,scratches,test
data/raw/inclusion/inclusion_38.jpg,inclusion,test
data/raw/inclusion/inclusion_230.jpg,inclusion,test
data/raw/scratches/scratches_5.jpg,scratches,test
data/raw/pitted_surface/pitted_surface_164.jpg,pitted_surface,test
data/raw/rolled-in_scale/rolled-in_scale_10.jpg,rolled-in_scale,test
data/raw/crazing/crazing_162.jpg,crazing,test
data/raw/scratches/scratches_259.jpg,scratches,test
data/raw/patches/patches_243.jpg,patches,test
data/raw/crazing/crazing_66.jpg,crazing,test
data/raw/scratches/scratches_206.jpg,scratches,test
data/raw/crazing/crazing_46.jpg,crazing,test
data/raw/inclusion/inclusion_253.jpg,inclusion,test
data/raw/pitted_surface/pitted_surface_156.jpg,pitted_surface,test
data/raw/scratches/scratches_266.jpg,scratches,test
data/raw/rolled-in_scale/rolled-in_scale_187.jpg,rolled-in_scale,test
data/raw/rolled-in_scale/rolled-in_scale_189.jpg,rolled-in_scale,test
data/raw/inclusion/inclusion_157.jpg,inclusion,test
data/raw/patches/patches_152.jpg,patches,test
data/raw/crazing/crazing_72.jpg,crazing,test
data/raw/crazing/crazing_135.jpg,crazing,test
data/raw/rolled-in_scale/rolled-in_scale_287.jpg,rolled-in_scale,test
data/raw/pitted_surface/pitted_surface_102.jpg,pitted_surface,test
data/raw/rolled-in_scale/rolled-in_scale_240.jpg,rolled-in_scale,test
data/raw/inclusion/inclusion_152.jpg,inclusion,test
data/raw/scratches/scratches_152.jpg,scratches,test
data/raw/scratches/scratches_44.jpg,scratches,test
data/raw/pitted_surface/pitted_surface_3.jpg,pitted_surface,test
data/raw/crazing/crazing_88.jpg,crazing,test
data/raw/crazing/crazing_191.jpg,crazing,test
data/raw/rolled-in_scale/rolled-in_scale_80.jpg,rolled-in_scale,test
data/raw/pitted_surface/pitted_surface_92.jpg,pitted_surface,test
data/raw/pitted_surface/pitted_surface_215.jpg,pitted_surface,test
data/raw/scratches/scratches_163.jpg,scratches,test
data/raw/rolled-in_scale/rolled-in_scale_65.jpg,rolled-in_scale,test
data/raw/pitted_surface/pitted_surface_243.jpg,pitted_surface,test
data/raw/pitted_surface/pitted_surface_155.jpg,pitted_surface,test
data/raw/rolled-in_scale/rolled-in_scale_146.jpg,rolled-in_scale,test
data/raw/scratches/scratches_132.jpg,scratches,test
data/raw/pitted_surface/pitted_surface_97.jpg,pitted_surface,test
data/raw/pitted_surface/pitted_surface_11.jpg,pitted_surface,test
data/raw/patches/patches_147.jpg,patches,test
data/raw/patches/patches_217.jpg,patches,test
data/raw/inclusion/inclusion_50.jpg,inclusion,test
data/raw/pitted_surface/pitted_surface_160.jpg,pitted_surface,test
data/raw/pitted_surface/pitted_surface_152.jpg,pitted_surface,test
data/raw/inclusion/inclusion_58.jpg,inclusion,test
data/raw/pitted_surface/pitted_surface_245.jpg,pitted_surface,test
data/raw/scratches/scratches_159.jpg,scratches,test
data/raw/crazing/crazing_151.jpg,crazing,test
data/raw/crazing/crazing_270.jpg,crazing,test
data/raw/patches/patches_123.jpg,patches,test
data/raw/pitted_surface/pitted_surface_281.jpg,pitted_surface,test
data/raw/inclusion/inclusion_228.jpg,inclusion,test
data/raw/pitted_surface/pitted_surface_134.jpg,pitted_surface,test
data/raw/patches/patches_294.jpg,patches,test
data/raw/pitted_surface/pitted_surface_50.jpg,pitted_surface,test
data/raw/inclusion/inclusion_282.jpg,inclusion,test
data/raw/inclusion/inclusion_238.jpg,inclusion,test
data/raw/scratches/scratches_230.jpg,scratches,test
data/raw/crazing/crazing_23.jpg,crazing,test
data/raw/patches/patches_91.jpg,patches,test
data/raw/inclusion/inclusion_155.jpg,inclusion,test
data/raw/crazing/crazing_24.jpg,crazing,test
data/raw/pitted_surface/pitted_surface_219.jpg,pitted_surface,test
data/raw/crazing/crazing_269.jpg,crazing,test
data/raw/scratches/scratches_134.jpg,scratches,test
data/raw/rolled-in_scale/rolled-in_scale_201.jpg,rolled-in_scale,test
data/raw/inclusion/inclusion_105.jpg,inclusion,test
data/raw/inclusion/inclusion_150.jpg,inclusion,test
data/raw/scratches/scratches_11.jpg,scratches,test
data/raw/crazing/crazing_78.jpg,crazing,test
data/raw/patches/patches_242.jpg,patches,test
data/raw/pitted_surface/pitted_surface_223.jpg,pitted_surface,test
data/raw/crazing/crazing_194.jpg,crazing,test
data/raw/inclusion/inclusion_5.jpg,inclusion,test
data/raw/scratches/scratches_154.jpg,scratches,test
data/raw/pitted_surface/pitted_surface_79.jpg,pitted_surface,test
data/raw/scratches/scratches_69.jpg,scratches,test
data/raw/rolled-in_scale/rolled-in_scale_186.jpg,rolled-in_scale,test
data/raw/scratches/scratches_186.jpg,scratches,test
data/raw/rolled-in_scale/rolled-in_scale_46.jpg,rolled-in_scale,test
data/raw/rolled-in_scale/rolled-in_scale_234.jpg,rolled-in_scale,test
data/raw/pitted_surface/pitted_surface_273.jpg,pitted_surface,test
data/raw/rolled-in_scale/rolled-in_scale_244.jpg,rolled-in_scale,test
data/raw/inclusion/inclusion_271.jpg,inclusion,test
data/raw/pitted_surface/pitted_surface_58.jpg,pitted_surface,test
data/raw/inclusion/inclusion_143.jpg,inclusion,test
data/raw/rolled-in_scale/rolled-in_scale_181.jpg,rolled-in_scale,test
data/raw/crazing/crazing_178.jpg,crazing,test
data/raw/pitted_surface/pitted_surface_297.jpg,pitted_surface,test
data/raw/crazing/crazing_271.jpg,crazing,test
data/raw/crazing/crazing_268.jpg,crazing,test
data/raw/patches/patches_138.jpg,patches,test
data/raw/inclusion/inclusion_200.jpg,inclusion,test
data/raw/crazing/crazing_12.jpg,crazing,test
data/raw/rolled-in_scale/rolled-in_scale_2.jpg,rolled-in_scale,test
data/raw/crazing/crazing_294.jpg,crazing,test
data/raw/rolled-in_scale/rolled-in_scale_148.jpg,rolled-in_scale,test
data/raw/patches/patches_265.jpg,patches,test
data/raw/rolled-in_scale/rolled-in_scale_280.jpg,rolled-in_scale,test
data/raw/crazing/crazing_157.jpg,crazing,test
data/raw/rolled-in_scale/rolled-in_scale_273.jpg,rolled-in_scale,test
data/raw/crazing/crazing_195.jpg,crazing,test
data/raw/crazing/crazing_139.jpg,crazing,test
data/raw/scratches/scratches_151.jpg,scratches,test
data/raw/pitted_surface/pitted_surface_277.jpg,pitted_surface,test
data/raw/patches/patches_14.jpg,patches,test
data/raw/crazing/crazing_216.jpg,crazing,test
data/raw/crazing/crazing_134.jpg,crazing,test
data/raw/patches/patches_74.jpg,patches,test
data/raw/scratches/scratches_45.jpg,scratches,test
data/raw/rolled-in_scale/rolled-in_scale_259.jpg,rolled-in_scale,test
data/raw/rolled-in_scale/rolled-in_scale_177.jpg,rolled-in_scale,test
data/raw/pitted_surface/pitted_surface_132.jpg,pitted_surface,test
data/raw/patches/patches_116.jpg,patches,test
data/raw/patches/patches_19.jpg,patches,test
data/raw/rolled-in_scale/rolled-in_scale_43.jpg,rolled-in_scale,test
data/raw/scratches/scratches_103.jpg,scratches,test
data/raw/rolled-in_scale/rolled-in_scale_9.jpg,rolled-in_scale,test
data/raw/crazing/crazing_61.jpg,crazing,test
data/raw/scratches/scratches_54.jpg,scratches,test
data/raw/crazing/crazing_99.jpg,crazing,test
data/raw/scratches/scratches_8.jpg,scratches,test
data/raw/scratches/scratches_295.jpg,scratches,test
data/raw/patches/patches_161.jpg,patches,test
data/raw/scratches/scratches_102.jpg,scratches,test
data/raw/rolled-in_scale/rolled-in_scale_73.jpg,rolled-in_scale,test
data/raw/pitted_surface/pitted_surface_9.jpg,pitted_surface,test
data/raw/patches/patches_227.jpg,patches,test
data/raw/patches/patches_76.jpg,patches,test
data/raw/crazing/crazing_22.jpg,crazing,test
data/raw/scratches/scratches_98.jpg,scratches,test
data/raw/crazing/crazing_90.jpg,crazing,test
data/raw/scratches/scratches_123.jpg,scratches,test
data/raw/inclusion/inclusion_161.jpg,inclusion,test
data/raw/scratches/scratches_188.jpg,scratches,test
data/raw/inclusion/inclusion_27.jpg,inclusion,test
data/raw/inclusion/inclusion_266.jpg,inclusion,test
data/raw/patches/patches_282.jpg,patches,test
data/raw/patches/patches_69.jpg,patches,test
data/raw/inclusion/inclusion_116.jpg,inclusion,test
data/raw/scratches/scratches_171.jpg,scratches,test
data/raw/rolled-in_scale/rolled-in_scale_185.jpg,rolled-in_scale,test
data/raw/patches/patches_46.jpg,patches,test
data/raw/inclusion/inclusion_103.jpg,inclusion,test
data/raw/scratches/scratches_74.jpg,scratches,test
data/raw/crazing/crazing_27.jpg,crazing,test
data/raw/inclusion/inclusion_235.jpg,inclusion,test
data/raw/pitted_surface/pitted_surface_126.jpg,pitted_surface,test
data/raw/crazing/crazing_55.jpg,crazing,test
data/raw/rolled-in_scale/rolled-in_scale_253.jpg,rolled-in_scale,test
data/raw/inclusion/inclusion_111.jpg,inclusion,test
data/raw/pitted_surface/pitted_surface_254.jpg,pitted_surface,test
data/raw/crazing/crazing_110.jpg,crazing,test
data/raw/inclusion/inclusion_187.jpg,inclusion,test
data/raw/crazing/crazing_286.jpg,crazing,test
data/raw/scratches/scratches_147.jpg,scratches,test
data/raw/patches/patches_254.jpg,patches,test
data/raw/crazing/crazing_138.jpg,crazing,test
data/raw/crazing/crazing_64.jpg,crazing,test
data/raw/pitted_surface/pitted_surface_25.jpg,pitted_surface,test
data/raw/patches/patches_84.jpg,patches,test
data/raw/crazing/crazing_142.jpg,crazing,test
data/raw/inclusion/inclusion_260.jpg,inclusion,test
data/raw/patches/patches_34.jpg,patches,test
data/raw/inclusion/inclusion_11.jpg,inclusion,test
data/raw/pitted_surface/pitted_surface_113.jpg,pitted_surface,test
data/raw/patches/patches_1.jpg,patches,test
